apy,start_time,start_price,end_time,end_price,period,requested_time
3.0363045411263556e-11,2021-08-17T11:34:58Z,1.002043133720229,2021-08-18T08:54:55Z,1.002043133720303,1d,2021-08-18T08:59:54Z
1.7830181775480014e-12,2021-08-18T08:59:55Z,1.002043133720303,2021-08-19T08:59:58Z,1.002043133720308,1d,2021-08-19T09:04:56Z
0.1904357406006656,2021-08-19T09:04:57Z,1.002043133720308,2021-08-20T09:14:55Z,1.0025251250778004,1d,2021-08-20T09:19:54Z
2.2044588376957108e-11,2021-08-20T09:19:55Z,1.0025251250778004,2021-08-21T09:19:55Z,1.002525125077861,1d,2021-08-21T09:24:58Z
1.1306511282782594e-12,2021-08-21T09:24:59Z,1.002525125077861,2021-08-22T09:29:57Z,1.0025251250778642,1d,2021-08-22T09:34:57Z
0.1935274868842638,2021-08-22T09:34:58Z,1.0025251250778642,2021-08-23T09:34:58Z,1.0030111604601406,1d,2021-08-23T09:39:55Z
7.618350394977824e-12,2021-08-23T09:39:56Z,1.0030111604601406,2021-08-24T09:39:56Z,1.0030111604601615,1d,2021-08-24T09:44:54Z
1.2156942119645464e-12,2021-08-24T09:44:55Z,1.0030111604601615,2021-08-25T09:44:59Z,1.0030111604601648,1d,2021-08-25T09:49:57Z
0.12418178235658472,2021-08-25T09:49:58Z,1.0030111604601648,2021-08-26T09:49:58Z,1.0033328776317616,1d,2021-08-26T09:54:54Z
4.295230837669806e-12,2021-08-26T09:54:55Z,1.0033328776317616,2021-08-27T09:54:58Z,1.0033328776317734,1d,2021-08-27T09:59:55Z
2.431388423929093e-13,2021-08-27T09:59:56Z,1.0033328776317734,2021-08-28T09:59:59Z,1.003332877631774,1d,2021-08-28T10:04:56Z
0.17165369550595666,2021-08-28T10:04:57Z,1.003332877631774,2021-08-29T10:09:56Z,1.0037699432035982,1d,2021-08-29T10:14:58Z
5.653255641391297e-13,2021-08-29T10:14:59Z,1.0037699432035982,2021-08-30T10:19:54Z,1.0037699432035998,1d,2021-08-30T10:24:56Z
0.19160590511310427,2021-08-30T10:24:57Z,1.0037699432035998,2021-08-31T10:29:58Z,1.004253829098181,1d,2021-08-31T10:34:56Z
1.2195644494283897e-10,2021-08-31T10:34:57Z,1.004253829098181,2021-09-01T10:39:57Z,1.0042538290985177,1d,2021-09-01T10:44:57Z
1.6371126676517633e-11,2021-09-01T10:44:58Z,1.0042538290985177,2021-09-02T10:44:59Z,1.0042538290985628,1d,2021-09-02T10:49:55Z
0.13460448550670412,2021-09-02T10:49:56Z,1.0042538290985632,2021-09-03T10:54:10Z,1.0046023666665451,1d,2021-09-03T10:59:25Z
2.130717824400108e-11,2021-09-03T10:59:26Z,1.0046023666665451,2021-09-04T10:59:58Z,1.0046023666666037,1d,2021-09-04T11:04:40Z
0.18443713086844093,2021-09-04T11:04:41Z,1.0046023666666037,2021-09-05T11:09:56Z,1.0050700553898926,1d,2021-09-05T11:14:53Z
8.630940406817444e-11,2021-09-05T11:14:54Z,1.0050700553898926,2021-09-06T11:14:59Z,1.0050700553901302,1d,2021-09-06T11:19:46Z
7.861133966002853e-11,2021-09-06T11:19:47Z,1.0050700553901302,2021-09-07T11:19:51Z,1.0050700553903467,1d,2021-09-07T11:24:57Z
0.19069860741505273,2021-09-07T11:24:58Z,1.0050700553903467,2021-09-08T11:25:00Z,1.0055507982431555,1d,2021-09-08T11:29:55Z
1.3858469927185979e-11,2021-09-08T11:29:56Z,1.0055507982431555,2021-09-09T11:29:59Z,1.0055507982431937,1d,2021-09-09T11:34:54Z
4.6034953626872266e-11,2021-09-09T11:34:55Z,1.0055507982431937,2021-09-10T11:39:58Z,1.005550798243321,1d,2021-09-10T11:44:54Z
0.14280731795893864,2021-09-10T11:44:55Z,1.0055507982433214,2021-09-11T11:44:59Z,1.0059186325538296,1d,2021-09-11T11:49:56Z
2.99864577613107e-11,2021-09-11T11:49:57Z,1.0059186325538299,2021-09-12T11:49:59Z,1.0059186325539125,1d,2021-09-12T11:54:57Z
0.1273305594512526,2021-09-12T11:54:58Z,1.005918632553913,2021-09-13T11:54:59Z,1.0062489970914386,1d,2021-09-13T11:59:56Z
3.607314447151566e-11,2021-09-13T11:59:57Z,1.0062489970914386,2021-09-14T12:02:53Z,1.0062489970915383,1d,2021-09-14T12:04:42Z
1.1324274851176597e-12,2021-09-14T12:04:43Z,1.0062489970915383,2021-09-15T12:07:33Z,1.0062489970915414,1d,2021-09-15T12:14:55Z
0.16930320808508026,2021-09-15T12:14:56Z,1.0062489970915414,2021-09-16T12:14:58Z,1.006680292397322,1d,2021-09-16T12:19:58Z
2.998712389512548e-12,2021-09-16T12:19:59Z,1.006680292397322,2021-09-17T12:20:00Z,1.0066802923973301,1d,2021-09-17T12:24:58Z
2.9176661087149114e-12,2021-09-17T12:24:59Z,1.0066802923973301,2021-09-18T12:24:59Z,1.0066802923973381,1d,2021-09-18T12:29:55Z
0.19239212776876613,2021-09-18T12:29:56Z,1.0066802923973381,2021-09-19T12:34:57Z,1.0071674076483017,1d,2021-09-19T12:39:57Z
2.0190515925833097e-12,2021-09-19T12:39:58Z,1.0071674076483017,2021-09-20T12:44:58Z,1.0071674076483073,1d,2021-09-20T12:49:58Z
0.19881639586002842,2021-09-20T12:49:59Z,1.0071674076483073,2021-09-21T12:49:59Z,1.0076679002724316,1d,2021-09-21T12:54:58Z
1.8975931936893176e-12,2021-09-21T12:54:59Z,1.0076679002724316,2021-09-22T19:39:57Z,1.0076679002724382,1d,2021-09-22T19:44:58Z
2.9176661087149114e-12,2021-09-22T19:44:59Z,1.0076679002724382,2021-09-23T19:45:00Z,1.0076679002724462,1d,2021-09-23T19:49:37Z
0.18969422450498263,2021-09-23T19:49:38Z,1.0076679002724462,2021-09-24T19:49:58Z,1.0081476547762525,1d,2021-09-24T19:54:58Z
1.0130785099704553e-11,2021-09-24T19:54:59Z,1.0081476547762527,2021-09-25T19:54:59Z,1.0081476547762807,1d,2021-09-25T19:59:57Z
7.511324895403959e-12,2021-09-25T19:59:58Z,1.0081476547762807,2021-09-26T20:04:57Z,1.0081476547763015,1d,2021-09-26T20:09:55Z
0.18468314416366738,2021-09-26T20:09:56Z,1.0081476547763015,2021-09-27T20:13:39Z,1.0086170713143257,1d,2021-09-27T20:19:54Z
8.590683719944536e-12,2021-09-27T20:19:55Z,1.0086170713143257,2021-09-28T20:19:57Z,1.0086170713143494,1d,2021-09-28T20:24:01Z
0.19016062427718183,2021-09-28T20:24:02Z,1.0086170713143494,2021-09-29T20:24:58Z,1.0090985621351025,1d,2021-09-29T20:29:58Z
8.493650227592298e-11,2021-09-29T20:29:59Z,1.0090985621351047,2021-09-30T20:29:59Z,1.0090985621353397,1d,2021-09-30T20:34:59Z
3.578004559301462e-11,2021-09-30T20:35:00Z,1.0090985621353403,2021-10-01T20:39:58Z,1.0090985621354396,1d,2021-10-01T20:44:56Z
0.1793317428672132,2021-10-01T20:44:57Z,1.0090985621354414,2021-10-02T20:45:00Z,1.0095547049999982,1d,2021-10-02T20:49:55Z
1.9450663302222893e-11,2021-10-02T20:49:56Z,1.0095547049999984,2021-10-03T20:49:58Z,1.0095547050000522,1d,2021-10-03T20:54:55Z
1.0454970222895099e-11,2021-10-03T20:54:56Z,1.0095547050000522,2021-10-04T20:54:56Z,1.009554705000081,1d,2021-10-04T20:59:54Z
0.18255093377119924,2021-10-04T20:59:55Z,1.0095547050000815,2021-10-05T21:00:00Z,1.0100186082213496,1d,2021-10-05T21:04:58Z
4.668421205167306e-11,2021-10-05T21:04:59Z,1.0100186082213498,2021-10-06T21:09:56Z,1.0100186082214795,1d,2021-10-06T21:14:58Z
0.18726100483105856,2021-10-06T21:14:59Z,1.0100186082214795,2021-10-07T21:14:59Z,1.0104937025583902,1d,2021-10-07T21:19:58Z
7.593947692896563e-11,2021-10-07T21:19:59Z,1.0104937025583904,2021-10-08T21:20:00Z,1.0104937025586007,1d,2021-10-08T21:24:59Z
2.4638069362481474e-11,2021-10-08T21:25:00Z,1.0104937025586007,2021-10-09T21:25:00Z,1.0104937025586689,1d,2021-10-09T21:29:58Z
0.14989992064800073,2021-10-09T21:29:59Z,1.0104937025586689,2021-10-10T21:29:59Z,1.0108804631852801,1d,2021-10-10T21:34:59Z
2.220668093855238e-11,2021-10-10T21:35:00Z,1.0108804631852801,2021-10-11T21:35:00Z,1.0108804631853416,1d,2021-10-11T21:39:58Z
0.1102853886970303,2021-10-11T21:39:59Z,1.0108804631853425,2021-10-12T21:40:00Z,1.0111702488109207,1d,2021-10-12T21:44:59Z
7.618350394977824e-12,2021-10-12T21:45:00Z,1.0111702488109209,2021-10-13T21:45:00Z,1.011170248810942,1d,2021-10-13T21:49:59Z
0.07129257144224632,2021-10-13T21:50:00Z,1.0111702488109422,2021-10-14T21:54:58Z,1.011361706267253,1d,2021-10-14T21:59:58Z
0.10654911614733065,2021-10-14T21:59:59Z,1.011361706267253,2021-10-15T22:00:00Z,1.0116422870540005,1d,2021-10-15T22:04:58Z
4.425126931550949e-11,2021-10-15T22:04:59Z,1.0116422870540014,2021-10-16T22:04:59Z,1.011642287054124,1d,2021-10-16T22:09:54Z
0.14606988773848206,2021-10-16T22:09:55Z,1.0116422870541244,2021-10-17T22:14:58Z,1.0120215624953857,1d,2021-10-17T22:19:57Z
3.9144909536048544e-11,2021-10-17T22:19:58Z,1.0120215624953859,2021-10-18T22:19:59Z,1.0120215624954945,1d,2021-10-18T22:24:58Z
0.17226623889712278,2021-10-18T22:24:59Z,1.0120215624954945,2021-10-19T22:25:00Z,1.012462347189188,1d,2021-10-19T22:29:56Z
9.28812582401406e-12,2021-10-19T22:29:57Z,1.0124623471891883,2021-10-20T22:34:57Z,1.012462347189214,1d,2021-10-20T22:39:58Z
3.311351193246992e-12,2021-10-20T22:39:59Z,1.012462347189214,2021-10-21T22:44:59Z,1.0124623471892233,1d,2021-10-21T22:49:56Z
0.180826164822685,2021-10-21T22:49:57Z,1.0124623471892233,2021-10-22T22:50:00Z,1.0129235250598134,1d,2021-10-22T22:54:58Z
9.725553695716371e-13,2021-10-22T22:54:59Z,1.0129235250598134,2021-10-23T22:55:00Z,1.012923525059816,1d,2021-10-23T22:59:59Z
0.18623331778900298,2021-10-23T23:00:00Z,1.012923525059816,2021-10-24T23:04:59Z,1.0133992224357136,1d,2021-10-24T23:09:59Z
1.1306511282782594e-12,2021-10-24T23:10:00Z,1.0133992224357136,2021-10-25T23:14:59Z,1.0133992224357167,1d,2021-10-25T23:19:58Z
0.1835702673541988,2021-10-25T23:19:59Z,1.0133992224357167,2021-10-26T23:24:57Z,1.0138688732736585,1d,2021-10-26T23:29:58Z
1.0536016503692736e-12,2021-10-26T23:29:59Z,1.0138688732736585,2021-10-27T23:29:59Z,1.0138688732736614,1d,2021-10-27T23:34:57Z
8.915090887740007e-13,2021-10-27T23:34:58Z,1.0138688732736614,2021-10-28T23:35:00Z,1.0138688732736638,1d,2021-10-28T23:39:59Z
0.1861934558148819,2021-10-28T23:40:00Z,1.0138688732736638,2021-10-29T23:40:00Z,1.0143432787651234,1d,2021-10-29T23:44:58Z
7.294165271787278e-13,2021-10-29T23:44:59Z,1.0143432787651234,2021-10-30T23:44:59Z,1.0143432787651254,1d,2021-10-30T23:49:56Z
0.18237108077310338,2021-10-30T23:49:57Z,1.0143432787651254,2021-10-31T23:49:58Z,1.0148089379243599,1d,2021-10-31T23:54:55Z
1.3729017922514686e-12,2021-10-31T23:54:56Z,1.0148089379243599,2021-11-01T23:59:57Z,1.0148089379243637,1d,2021-11-02T00:04:57Z
1.2156942119645464e-12,2021-11-02T00:04:58Z,1.0148089379243637,2021-11-03T00:05:00Z,1.014808937924367,1d,2021-11-03T00:09:57Z
0.17877549405204962,2021-11-03T00:09:58Z,1.014808937924367,2021-11-04T00:14:58Z,1.0152679223895071,1d,2021-11-04T00:19:58Z
1.13464793116691e-12,2021-11-04T00:19:59Z,1.0152679223895071,2021-11-05T00:19:59Z,1.0152679223895102,1d,2021-11-05T00:24:58Z
0.18370767602173355,2021-11-05T00:24:59Z,1.0152679223895102,2021-11-06T00:29:58Z,1.0157387688667059,1d,2021-11-06T00:34:58Z
2.504663143554353e-12,2021-11-06T00:34:59Z,1.0157387688667059,2021-11-07T00:39:25Z,1.0157387688667128,1d,2021-11-07T00:44:58Z
1.6961987370223142e-12,2021-11-07T00:44:59Z,1.0157387688667128,2021-11-08T00:49:56Z,1.0157387688667174,1d,2021-11-08T00:54:56Z
0.1841884068469528,2021-11-08T00:54:57Z,1.0157387688667174,2021-11-09T00:55:00Z,1.0162093555774065,1d,2021-11-09T00:59:58Z
1.7830181775480014e-12,2021-11-09T00:59:59Z,1.0162093555774065,2021-11-10T00:59:59Z,1.0162093555774114,1d,2021-11-10T01:04:57Z
1.4588330543574557e-12,2021-11-10T01:04:58Z,1.0162093555774114,2021-11-11T01:04:59Z,1.0162093555774154,1d,2021-11-11T01:09:58Z
0.1948787985335143,2021-11-11T01:09:59Z,1.0162093555774154,2021-11-12T01:14:56Z,1.0167068819780603,1d,2021-11-12T01:19:57Z
3.0797586703101842e-12,2021-11-12T01:19:58Z,1.0167068819780603,2021-11-13T01:19:58Z,1.016706881978069,1d,2021-11-13T01:24:56Z
0.18245048465782365,2021-11-13T01:24:57Z,1.016706881978069,2021-11-14T01:24:58Z,1.017173813353375,1d,2021-11-14T01:29:58Z
1.1306511282782594e-12,2021-11-14T01:29:59Z,1.017173813353375,2021-11-15T01:34:56Z,1.017173813353378,1d,2021-11-15T01:39:58Z
1.1306511282782594e-12,2021-11-15T01:39:59Z,1.017173813353378,2021-11-16T01:44:56Z,1.0171738133533812,1d,2021-11-16T01:49:56Z
0.1832407715518758,2021-11-16T01:49:57Z,1.0171738133533812,2021-11-17T01:50:00Z,1.0176428328198523,1d,2021-11-17T01:55:09Z
1.6964207816272392e-12,2021-11-17T01:55:10Z,1.0176428328198523,2021-11-18T01:59:57Z,1.017642832819857,1d,2021-11-18T02:04:58Z
0.1842250344033025,2021-11-18T02:04:59Z,1.017642832819857,2021-11-19T02:04:59Z,1.0181143715750487,1d,2021-11-19T02:09:58Z
1.5356604876615165e-12,2021-11-19T02:09:59Z,1.0181143715750487,2021-11-20T02:14:00Z,1.018114371575053,1d,2021-11-20T02:18:53Z
1.0527134719495734e-12,2021-11-20T02:18:54Z,1.018114371575053,2021-11-21T02:19:59Z,1.0181143715750558,1d,2021-11-21T02:24:58Z
0.1841948914320124,2021-11-21T02:24:59Z,1.0181143715750558,2021-11-22T02:25:09Z,1.018586112396812,1d,2021-11-22T02:29:58Z
1.13464793116691e-12,2021-11-22T02:29:59Z,1.018586112396812,2021-11-23T02:29:59Z,1.0185861123968152,1d,2021-11-23T02:34:56Z
1.3777867735598193e-12,2021-11-23T02:34:57Z,1.0185861123968152,2021-11-24T02:34:59Z,1.018586112396819,1d,2021-11-24T02:39:56Z
0.18309813346904535,2021-11-24T02:39:57Z,1.018586112396819,2021-11-25T02:44:59Z,1.0190570709986233,1d,2021-11-25T02:49:58Z
2.1882495815361835e-12,2021-11-25T02:49:59Z,1.0190570709986233,2021-11-26T02:49:59Z,1.0190570709986295,1d,2021-11-26T02:54:58Z
0.18336073446533008,2021-11-26T02:54:59Z,1.0190570709986295,2021-11-27T02:54:59Z,1.0195272256944703,1d,2021-11-27T02:59:58Z
5.67323965583455e-13,2021-11-27T02:59:59Z,1.0195272256944703,2021-11-28T02:59:59Z,1.0195272256944719,1d,2021-11-28T03:04:00Z
1.1339817973521349e-12,2021-11-28T03:04:01Z,1.0195272256944719,2021-11-29T03:04:59Z,1.019527225694475,1d,2021-11-29T03:09:58Z
0.1810879558954488,2021-11-29T03:09:59Z,1.019527225694475,2021-11-30T03:09:59Z,1.0199922249742785,1d,2021-11-30T03:14:57Z
3.715250329605624e-12,2021-11-30T03:14:58Z,1.0199922249742785,2021-12-01T03:19:59Z,1.019992224974289,1d,2021-12-01T03:24:58Z
1.3731238368563936e-12,2021-12-01T03:24:59Z,1.019992224974289,2021-12-02T03:29:58Z,1.0199922249742928,1d,2021-12-02T03:34:51Z
0.17894639107496113,2021-12-02T03:34:52Z,1.0199922249742928,2021-12-03T03:34:56Z,1.0204523837204027,1d,2021-12-03T03:39:58Z
1.645217295731527e-11,2021-12-03T03:39:59Z,1.0204523837204027,2021-12-04T03:40:00Z,1.0204523837204487,1d,2021-12-04T03:44:57Z
1.3858691971790904e-11,2021-12-04T03:44:58Z,1.020452383720449,2021-12-05T03:44:59Z,1.020452383720488,1d,2021-12-05T03:49:58Z
0.18426647022778608,2021-12-05T03:49:59Z,1.0204523837204882,2021-12-06T03:49:59Z,1.0209253221863661,1d,2021-12-06T03:54:56Z
1.0095480007521473e-11,2021-12-06T03:54:57Z,1.0209253221863661,2021-12-07T03:59:59Z,1.0209253221863945,1d,2021-12-07T04:04:57Z
1.1306511282782594e-12,2021-12-07T04:04:58Z,1.0209253221863945,2021-12-08T04:09:58Z,1.0209253221863976,1d,2021-12-08T04:14:58Z
0.18017868909943946,2021-12-08T04:14:59Z,1.0209253221863976,2021-12-09T04:14:59Z,1.0213888039906933,1d,2021-12-09T04:19:58Z
5.511147094239277e-12,2021-12-09T04:19:59Z,1.0213888039906933,2021-12-10T04:19:59Z,1.0213888039907086,1d,2021-12-10T04:24:59Z
1.1711298597560926e-11,2021-12-10T04:25:00Z,1.021388803990709,2021-12-11T04:29:58Z,1.021388803990742,1d,2021-12-11T04:34:58Z
0.1848067551145942,2021-12-11T04:34:59Z,1.021388803990742,2021-12-12T04:34:59Z,1.021863453400115,1d,2021-12-12T04:39:58Z
5.653699730601147e-12,2021-12-12T04:39:59Z,1.021863453400115,2021-12-13T04:44:58Z,1.021863453400131,1d,2021-12-13T04:49:58Z
1.6718626483225307e-11,2021-12-13T04:49:59Z,1.0218634534001312,2021-12-14T04:54:58Z,1.0218634534001783,1d,2021-12-14T04:59:57Z
0.18405529830846867,2021-12-14T04:59:58Z,1.0218634534001787,2021-12-15T04:59:59Z,1.022336551826988,1d,2021-12-15T05:04:58Z
2.1882495815361835e-12,2021-12-15T05:04:59Z,1.022336551826988,2021-12-16T05:04:59Z,1.0223365518269942,1d,2021-12-16T05:09:56Z
0.18192560288656168,2021-12-16T05:09:57Z,1.0223365518269942,2021-12-17T05:09:59Z,1.0228048299264167,1d,2021-12-17T05:14:56Z
6.483702463810914e-13,2021-12-17T05:14:57Z,1.0228048299264167,2021-12-18T05:14:58Z,1.0228048299264185,1d,2021-12-18T05:19:59Z
8.075762281123389e-13,2021-12-18T05:20:00Z,1.0228048299264185,2021-12-19T05:24:59Z,1.0228048299264207,1d,2021-12-19T05:29:58Z
0.1784546181111848,2021-12-19T05:29:59Z,1.0228048299264207,2021-12-20T05:29:59Z,1.0232650665312704,1d,2021-12-20T05:34:58Z
8.884004643050503e-13,2021-12-20T05:34:59Z,1.0232650665312704,2021-12-21T05:39:58Z,1.0232650665312728,1d,2021-12-21T05:44:57Z
8.915090887740007e-13,2021-12-21T05:44:58Z,1.0232650665312728,2021-12-22T05:44:59Z,1.0232650665312752,1d,2021-12-22T05:49:58Z
0.17803032272556218,2021-12-22T05:49:59Z,1.0232650665312752,2021-12-23T05:55:00Z,1.0237261011586984,1d,2021-12-23T05:59:58Z
1.7830181775480014e-12,2021-12-23T05:59:59Z,1.0237261011586984,2021-12-24T06:00:01Z,1.0237261011587035,1d,2021-12-24T06:04:59Z
8.884004643050503e-13,2021-12-24T06:05:00Z,1.0237261011587035,2021-12-25T06:09:58Z,1.023726101158706,1d,2021-12-25T06:14:57Z
0.1847146992360602,2021-12-25T06:14:58Z,1.023726101158706,2021-12-26T06:15:00Z,1.024201629714311,1d,2021-12-26T06:19:59Z
2.261524301161444e-12,2021-12-26T06:20:00Z,1.024201629714311,2021-12-27T06:24:58Z,1.0242016297143175,1d,2021-12-27T06:29:59Z
0.18358406679362593,2021-12-27T06:30:00Z,1.0242016297143175,2021-12-28T06:34:57Z,1.0246763141990054,1d,2021-12-28T06:39:57Z
8.996137168537643e-12,2021-12-28T06:39:58Z,1.0246763141990056,2021-12-29T06:39:59Z,1.024676314199031,1d,2021-12-29T06:44:59Z
1.534572469097384e-11,2021-12-29T06:45:00Z,1.024676314199031,2021-12-30T06:49:59Z,1.0246763141990742,1d,2021-12-30T06:54:58Z
0.18474452550946108,2021-12-30T06:54:59Z,1.0246763141990742,2021-12-31T06:54:59Z,1.0251523438248287,1d,2021-12-31T06:59:57Z
1.620903411492236e-11,2021-12-31T06:59:58Z,1.0251523438248287,2022-01-01T06:59:59Z,1.0251523438248742,1d,2022-01-01T07:04:58Z
1.4101830814183813e-11,2022-01-01T07:04:59Z,1.0251523438248742,2022-01-02T07:05:00Z,1.0251523438249137,1d,2022-01-02T07:09:57Z
0.1823091547943041,2022-01-02T07:09:58Z,1.0251523438249137,2022-01-03T07:14:58Z,1.0256244464783146,1d,2022-01-03T07:19:56Z
7.107203714440402e-12,2022-01-03T07:19:57Z,1.0256244464783146,2022-01-04T07:24:59Z,1.0256244464783346,1d,2022-01-04T07:29:58Z
5.430100813441641e-12,2022-01-04T07:29:59Z,1.0256244464783346,2022-01-05T07:29:59Z,1.02562444647835,1d,2022-01-05T07:34:58Z
0.18307393477035383,2022-01-05T07:34:59Z,1.02562444647835,2022-01-06T07:34:59Z,1.0260969497027201,1d,2022-01-06T07:39:57Z
6.299627486328063e-12,2022-01-06T07:39:58Z,1.0260969497027201,2022-01-07T07:44:58Z,1.026096949702738,1d,2022-01-07T07:49:56Z
3.0797586703101842e-12,2022-01-07T07:49:57Z,1.026096949702738,2022-01-08T07:49:57Z,1.0260969497027466,1d,2022-01-08T07:54:58Z
0.19413158796610652,2022-01-08T07:54:59Z,1.0260969497027466,2022-01-09T07:59:58Z,1.0265975630859157,1d,2022-01-09T08:04:58Z
4.052314039881821e-12,2022-01-09T08:04:59Z,1.0265975630859157,2022-01-10T08:04:59Z,1.026597563085927,1d,2022-01-10T08:09:58Z
4.052314039881821e-12,2022-01-10T08:09:59Z,1.026597563085927,2022-01-11T08:09:59Z,1.0265975630859383,1d,2022-01-11T08:14:57Z
0.193215028236994,2022-01-11T08:14:58Z,1.0265975630859383,2022-01-12T08:14:59Z,1.0270945380338143,1d,2022-01-12T08:19:57Z
7.672973367789382e-12,2022-01-12T08:19:58Z,1.0270945380338143,2022-01-13T08:24:56Z,1.027094538033836,1d,2022-01-13T08:29:59Z
1.2034595542331772e-11,2022-01-13T08:30:00Z,1.0270945380338363,2022-01-14T08:34:56Z,1.0270945380338703,1d,2022-01-14T08:39:58Z
0.19041560745473962,2022-01-14T08:39:59Z,1.0270945380338703,2022-01-15T08:39:59Z,1.0275851350049867,1d,2022-01-15T08:44:58Z
9.449996341004407e-12,2022-01-15T08:44:59Z,1.0275851350049867,2022-01-16T08:49:56Z,1.0275851350050134,1d,2022-01-16T08:54:57Z
1.1265210986266538e-11,2022-01-16T08:54:58Z,1.0275851350050134,2022-01-17T08:54:59Z,1.0275851350050451,1d,2022-01-17T08:59:57Z
0.1844803664418726,2022-01-17T08:59:58Z,1.0275851350050453,2022-01-18T08:59:59Z,1.0280618934077188,1d,2022-01-18T09:04:57Z
5.572875494408436e-12,2022-01-18T09:04:58Z,1.028061893407719,2022-01-19T09:09:57Z,1.0280618934077348,1d,2022-01-19T09:14:58Z
4.4575454438700035e-12,2022-01-19T09:14:59Z,1.0280618934077348,2022-01-20T09:14:59Z,1.0280618934077475,1d,2022-01-20T09:19:58Z
0.1756874079118116,2022-01-20T09:19:59Z,1.0280618934077475,2022-01-21T09:24:57Z,1.028519444003881,1d,2022-01-21T09:29:57Z
1.45372602844418e-12,2022-01-21T09:29:58Z,1.0285194440038816,2022-01-22T09:34:55Z,1.0285194440038856,1d,2022-01-22T09:39:55Z
3.1608049511078207e-12,2022-01-22T09:39:56Z,1.0285194440038856,2022-01-23T09:39:59Z,1.0285194440038945,1d,2022-01-23T09:44:58Z
0.17726519880729374,2022-01-23T09:44:59Z,1.0285194440038945,2022-01-24T09:49:57Z,1.028980992046128,1d,2022-01-24T09:54:57Z
4.295452882274731e-12,2022-01-24T09:54:58Z,1.028980992046128,2022-01-25T09:54:58Z,1.0289809920461401,1d,2022-01-25T09:59:56Z
2.5934809855243657e-12,2022-01-25T09:59:57Z,1.0289809920461404,2022-01-26T09:59:58Z,1.0289809920461477,1d,2022-01-26T10:04:56Z
0.18077036049952233,2022-01-26T10:04:57Z,1.0289809920461477,2022-01-27T10:04:57Z,1.0294495446106064,1d,2022-01-27T10:09:57Z
2.836619827917275e-12,2022-01-27T10:09:58Z,1.0294495446106067,2022-01-28T10:09:58Z,1.0294495446106147,1d,2022-01-28T10:14:57Z
2.836619827917275e-12,2022-01-28T10:14:58Z,1.0294495446106147,2022-01-29T10:14:59Z,1.0294495446106227,1d,2022-01-29T10:19:57Z
0.18369491565908302,2022-01-29T10:19:58Z,1.0294495446106229,2022-01-30T10:19:59Z,1.0299252962507142,1d,2022-01-30T10:24:59Z
2.4229507289419416e-12,2022-01-30T10:25:00Z,1.0299252962507142,2022-01-31T10:29:57Z,1.029925296250721,1d,2022-01-31T10:34:57Z
0.18458542303019176,2022-01-31T10:34:58Z,1.029925296250721,2022-02-01T10:39:59Z,1.030405051190045,1d,2022-02-01T10:44:58Z
3.809175197488912e-12,2022-02-01T10:44:59Z,1.0304050511900453,2022-02-02T10:44:59Z,1.030405051190056,1d,2022-02-02T10:49:56Z
3.0691005292737827e-12,2022-02-02T10:49:57Z,1.030405051190056,2022-02-03T10:54:58Z,1.0304050511900646,1d,2022-02-03T10:59:57Z
0.18691025020542784,2022-02-03T10:59:58Z,1.0304050511900646,2022-02-04T11:04:57Z,1.030890575237088,1d,2022-02-04T11:09:58Z
3.876898801991047e-12,2022-02-04T11:09:59Z,1.030890575237088,2022-02-05T11:14:58Z,1.030890575237099,1d,2022-02-05T11:19:57Z
3.0797586703101842e-12,2022-02-05T11:19:58Z,1.030890575237099,2022-02-06T11:19:58Z,1.0308905752371076,1d,2022-02-06T11:24:58Z
0.19004802565874335,2022-02-06T11:24:59Z,1.0308905752371076,2022-02-07T11:24:59Z,1.0313821127362366,1d,2022-02-07T11:29:57Z
2.9884983376859964e-12,2022-02-07T11:29:58Z,1.0313821127362366,2022-02-08T11:34:51Z,1.031382112736245,1d,2022-02-08T11:39:57Z
2.9176661087149114e-12,2022-02-08T11:39:58Z,1.031382112736245,2022-02-09T11:39:58Z,1.0313821127362532,1d,2022-02-09T11:44:57Z
0.18771682257410172,2022-02-09T11:44:58Z,1.0313821127362532,2022-02-10T11:44:58Z,1.0318683412338687,1d,2022-02-10T11:49:56Z
1.5398571306945996e-11,2022-02-10T11:49:57Z,1.0318683412338687,2022-02-11T11:49:58Z,1.0318683412339122,1d,2022-02-11T11:54:57Z
1.6776358080505815e-11,2022-02-11T11:54:58Z,1.0318683412339122,2022-02-12T11:54:59Z,1.0318683412339598,1d,2022-02-12T11:59:56Z
0.1828960732683409,2022-02-12T11:59:57Z,1.03186834123396,2022-02-13T11:59:58Z,1.0323433012671723,1d,2022-02-13T12:04:56Z
8.671952045347098e-12,2022-02-13T12:04:57Z,1.0323433012671723,2022-02-14T12:04:57Z,1.0323433012671968,1d,2022-02-14T12:09:55Z
6.969758103991808e-12,2022-02-14T12:09:56Z,1.0323433012671968,2022-02-15T12:09:59Z,1.0323433012672165,1d,2022-02-15T12:14:58Z
0.18477331082468273,2022-02-15T12:14:59Z,1.0323433012672165,2022-02-16T12:19:57Z,1.0328246162327173,1d,2022-02-16T12:24:57Z
2.0504709041802016e-11,2022-02-16T12:24:58Z,1.0328246162327173,2022-02-17T12:24:58Z,1.0328246162327752,1d,2022-02-17T12:29:56Z
0.008255815964564261,2022-02-17T12:29:57Z,1.0328246162327752,2022-02-18T12:29:59Z,1.0328478822514566,1d,2022-02-18T12:34:57Z
0.15991824080202321,2022-02-18T12:34:58Z,1.0328905898781215,2022-02-19T12:34:58Z,1.033310480198562,1d,2022-02-19T12:39:57Z
1.1388223697395006e-11,2022-02-19T12:39:58Z,1.0333104801985622,2022-02-20T12:44:57Z,1.0333104801985946,1d,2022-02-20T12:49:58Z
0.1739110451332433,2022-02-20T12:49:59Z,1.0333104801985946,2022-02-21T12:54:58Z,1.0337660747129112,1d,2022-02-21T12:59:55Z
1.4668932735162343e-11,2022-02-21T12:59:56Z,1.0337660747129112,2022-02-22T12:59:58Z,1.0337660747129527,1d,2022-02-22T13:04:56Z
4.781730567060549e-12,2022-02-22T13:04:57Z,1.0337660747129527,2022-02-23T13:04:58Z,1.0337660747129662,1d,2022-02-23T13:09:56Z
0.1548502636154354,2022-02-23T13:09:57Z,1.0337660747129662,2022-02-24T13:14:56Z,1.03417532576559,1d,2022-02-24T13:19:54Z
0.02008252827567869,2022-02-24T13:19:55Z,1.0341865425731578,2022-02-25T13:19:57Z,1.0342428831745747,1d,2022-02-25T13:24:55Z
5.007327885664381e-12,2022-02-25T13:24:56Z,1.0342428831745747,2022-02-26T13:29:57Z,1.034242883174589,1d,2022-02-26T13:34:58Z
0.178350124768498,2022-02-26T13:34:59Z,1.034242883174589,2022-02-27T13:39:51Z,1.0347095875724097,1d,2022-02-27T13:44:56Z
6.1595173406203685e-12,2022-02-27T13:44:57Z,1.03470958757241,2022-02-28T13:44:57Z,1.0347095875724275,1d,2022-02-28T13:49:57Z
4.442224366130176e-12,2022-02-28T13:49:58Z,1.0347095875724275,2022-03-01T13:54:58Z,1.0347095875724401,1d,2022-03-01T13:59:56Z
0.18298636701476423,2022-03-01T13:59:57Z,1.0347095875724404,2022-03-02T13:59:57Z,1.0351860663742103,1d,2022-03-02T14:04:54Z
6.078249015217807e-12,2022-03-02T14:04:55Z,1.0351860663742103,2022-03-03T14:04:59Z,1.0351860663742276,1d,2022-03-03T14:09:56Z
5.492051258215724e-12,2022-03-03T14:09:57Z,1.0351860663742276,2022-03-04T14:14:57Z,1.0351860663742432,1d,2022-03-04T14:19:54Z
0.007242940245461904,2022-03-04T14:19:55Z,1.0351860663742432,2022-03-05T14:19:57Z,1.0352065349084758,1d,2022-03-05T14:24:54Z
4.603650793910674e-12,2022-03-05T14:24:55Z,1.035206534908476,2022-03-06T14:29:57Z,1.0352065349084891,1d,2022-03-06T14:34:57Z
5.430100813441641e-12,2022-03-06T14:34:58Z,1.0352065349084891,2022-03-07T14:34:58Z,1.0352065349085044,1d,2022-03-07T14:39:56Z
0.18500063839962366,2022-03-07T14:39:57Z,1.035206534908505,2022-03-08T14:39:57Z,1.0356880698474284,1d,2022-03-08T14:44:56Z
4.523048602322888e-12,2022-03-08T14:44:57Z,1.0356880698474284,2022-03-09T14:49:56Z,1.0356880698474413,1d,2022-03-09T14:54:57Z
4.862776847858186e-12,2022-03-09T14:54:58Z,1.0356880698474413,2022-03-10T14:54:59Z,1.035688069847455,1d,2022-03-10T14:58:59Z
0.1852586882210221,2022-03-10T14:59:00Z,1.035688069847455,2022-03-11T15:00:00Z,1.0361707819629047,1d,2022-03-11T15:04:54Z
5.186961971048731e-12,2022-03-11T15:04:55Z,1.036170781962905,2022-03-12T15:04:56Z,1.0361707819629196,1d,2022-03-12T15:09:49Z
1.9448886945383492e-12,2022-03-12T15:09:50Z,1.0361707819629196,2022-03-13T15:09:59Z,1.0361707819629251,1d,2022-03-13T15:14:57Z
0.1801960216921683,2022-03-13T15:14:58Z,1.0361707819629251,2022-03-14T15:14:58Z,1.0366412266435727,1d,2022-03-14T15:19:57Z
1.2967404927621828e-12,2022-03-14T15:19:58Z,1.0366412266435727,2022-03-15T15:19:58Z,1.0366412266435765,1d,2022-03-15T15:24:57Z
1.7768009286101005e-12,2022-03-15T15:24:58Z,1.0366412266435765,2022-03-16T15:29:58Z,1.0366412266435816,1d,2022-03-16T15:34:56Z
0.1833325196719895,2022-03-16T15:34:57Z,1.0366412266435816,2022-03-17T15:39:32Z,1.0371209486598865,1d,2022-03-17T15:44:54Z
1.864064458345638e-12,2022-03-17T15:44:55Z,1.0371209486598865,2022-03-18T15:44:59Z,1.0371209486598918,1d,2022-03-18T15:49:57Z
2.3421264927492302e-12,2022-03-18T15:49:58Z,1.0371209486598918,2022-03-19T15:54:57Z,1.0371209486598985,1d,2022-03-19T15:59:58Z
0.1839504385461035,2022-03-19T15:59:59Z,1.0371209486598985,2022-03-20T16:04:58Z,1.037602514788488,1d,2022-03-20T16:09:56Z
2.0261570199409107e-12,2022-03-20T16:09:57Z,1.037602514788488,2022-03-21T16:09:58Z,1.0376025147884937,1d,2022-03-21T16:14:58Z
0.06945976765709627,2022-03-21T16:14:59Z,1.0376025147884937,2022-03-22T16:14:59Z,1.0377934331078547,1d,2022-03-22T16:19:55Z
0.10474812091117913,2022-03-22T16:19:56Z,1.037807103798155,2022-03-23T16:24:58Z,1.038091375524671,1d,2022-03-23T16:29:57Z
2.107203300738547e-12,2022-03-23T16:29:58Z,1.0380913755246712,2022-03-24T16:29:58Z,1.0380913755246772,1d,2022-03-24T16:34:57Z
0.182246033880473,2022-03-24T16:34:58Z,1.0380913755246772,2022-03-25T16:34:58Z,1.0385676303703355,1d,2022-03-25T16:39:46Z
5.10524955643632e-12,2022-03-25T16:39:47Z,1.0385676303703355,2022-03-26T16:39:58Z,1.03856763037035,1d,2022-03-26T16:44:57Z
5.186961971048731e-12,2022-03-26T16:44:58Z,1.03856763037035,2022-03-27T16:44:59Z,1.0385676303703646,1d,2022-03-27T16:49:56Z
0.1797072389958725,2022-03-27T16:49:57Z,1.0385676303703646,2022-03-28T16:54:58Z,1.0390396230544443,1d,2022-03-28T16:59:58Z
6.461498003318411e-12,2022-03-28T16:59:59Z,1.0390396230544443,2022-03-29T17:04:56Z,1.0390396230544627,1d,2022-03-29T17:09:57Z
2.390843079069782e-11,2022-03-29T17:09:58Z,1.0390396230544627,2022-03-30T17:09:59Z,1.0390396230545307,1d,2022-03-30T17:14:55Z
0.18146381830616476,2022-03-30T17:14:56Z,1.0390396230545307,2022-03-31T17:14:58Z,1.0395144389776414,1d,2022-03-31T17:19:56Z
5.007549930269306e-12,2022-03-31T17:19:57Z,1.0395144389776414,2022-04-01T17:24:57Z,1.0395144389776556,1d,2022-04-01T17:29:56Z
0.06923767782773682,2022-04-01T17:29:57Z,1.0395144389776556,2022-04-02T17:29:58Z,1.0397051196991134,1d,2022-04-02T17:34:54Z
0.09745639554889274,2022-04-02T17:34:55Z,1.0397119867427853,2022-04-03T17:34:58Z,1.0399769287491112,1d,2022-04-03T17:39:56Z
1.7830181775480014e-12,2022-04-03T17:39:57Z,1.0399769287491114,2022-04-04T17:39:58Z,1.0399769287491165,1d,2022-04-04T17:44:55Z
0.18275011771735783,2022-04-04T17:44:56Z,1.0399769287491167,2022-04-05T17:44:56Z,1.040455263805246,1d,2022-04-05T17:49:57Z
4.442224366130176e-12,2022-04-05T17:49:58Z,1.0404552638052464,2022-04-06T17:54:56Z,1.040455263805259,1d,2022-04-06T17:59:56Z
1.6209256159527285e-12,2022-04-06T17:59:57Z,1.040455263805259,2022-04-07T17:59:57Z,1.0404552638052638,1d,2022-04-07T18:04:57Z
0.18341472288270522,2022-04-07T18:04:58Z,1.0404552638052638,2022-04-08T18:09:57Z,1.040937082972056,1d,2022-04-08T18:14:57Z
9.725553695716371e-13,2022-04-08T18:14:58Z,1.040937082972056,2022-04-09T18:15:00Z,1.0409370829720588,1d,2022-04-09T18:19:57Z
1.864064458345638e-12,2022-04-09T18:19:58Z,1.0409370829720588,2022-04-10T18:19:58Z,1.040937082972064,1d,2022-04-10T18:24:56Z
0.1792130516763064,2022-04-10T18:24:57Z,1.040937082972064,2022-04-11T18:24:57Z,1.0414073142979239,1d,2022-04-11T18:29:56Z
5.168976358049804e-12,2022-04-11T18:29:57Z,1.041407314297924,2022-04-12T18:34:57Z,1.041407314297939,1d,2022-04-12T18:39:56Z
1.857625164802812e-12,2022-04-12T18:39:57Z,1.041407314297939,2022-04-13T18:44:53Z,1.0414073142979443,1d,2022-04-13T18:48:57Z
0.18042174650098053,2022-04-13T18:48:58Z,1.0414073142979443,2022-04-14T18:54:57Z,1.0418826497126323,1d,2022-04-14T18:59:57Z
1.5398793351550921e-12,2022-04-14T18:59:58Z,1.0418826497126323,2022-04-15T18:59:58Z,1.0418826497126368,1d,2022-04-15T19:04:57Z
0.0781983046420196,2022-04-15T19:04:58Z,1.0418826497126368,2022-04-16T19:09:58Z,1.0420983355779734,1d,2022-04-16T19:14:54Z
0.07822396475878346,2022-04-16T19:14:55Z,1.0421383835606803,2022-04-17T19:14:56Z,1.042353446241902,1d,2022-04-17T19:19:53Z
9.96824844889943e-12,2022-04-17T19:19:54Z,1.042353446241902,2022-04-18T19:19:57Z,1.0423534462419304,1d,2022-04-18T19:24:56Z
6.3806737671257e-12,2022-04-18T19:24:57Z,1.0423534462419304,2022-04-19T19:29:55Z,1.0423534462419486,1d,2022-04-19T19:34:55Z
0.1815256455133225,2022-04-19T19:34:56Z,1.0423534462419486,2022-04-20T19:34:59Z,1.0428299315307161,1d,2022-04-20T19:39:58Z
4.052314039881821e-12,2022-04-20T19:39:59Z,1.0428299315307161,2022-04-21T19:39:59Z,1.0428299315307277,1d,2022-04-21T19:44:58Z
8.884448732260353e-12,2022-04-21T19:44:59Z,1.0428299315307277,2022-04-22T19:49:58Z,1.0428299315307532,1d,2022-04-22T19:54:55Z
0.17812654562583563,2022-04-22T19:54:56Z,1.0428299315307532,2022-04-23T19:54:57Z,1.0432983885001355,1d,2022-04-23T19:59:53Z
4.6844750301033855e-12,2022-04-23T19:59:54Z,1.043298388500136,2022-04-24T20:04:55Z,1.0432983885001494,1d,2022-04-24T20:09:53Z
2.3503421431314564e-12,2022-04-24T20:09:54Z,1.0432983885001494,2022-04-25T20:09:55Z,1.043298388500156,1d,2022-04-25T20:14:58Z
0.1774375297671611,2022-04-25T20:14:59Z,1.043298388500156,2022-04-26T20:19:56Z,1.043766983200123,1d,2022-04-26T20:24:51Z
1.2967404927621828e-12,2022-04-26T20:24:52Z,1.043766983200123,2022-04-27T20:24:59Z,1.0437669832001268,1d,2022-04-27T20:29:56Z
1.2841949725839186e-11,2022-04-27T20:29:57Z,1.0437669832001268,2022-04-28T20:34:56Z,1.0437669832001637,1d,2022-04-28T20:39:58Z
0.17680094142644776,2022-04-28T20:39:59Z,1.0437669832001637,2022-04-29T20:40:00Z,1.0442326402148403,1d,2022-04-29T20:44:57Z
1.3742340598810188e-12,2022-04-29T20:44:58Z,1.0442326402148403,2022-04-30T20:48:39Z,1.0442326402148443,1d,2022-04-30T20:49:03Z
1.1042278202921807e-12,2022-04-30T20:49:04Z,1.0442326402148443,2022-05-01T23:14:21Z,1.0442326402148479,1d,2022-05-01T23:19:55Z
0.17624964926010867,2022-05-01T23:19:56Z,1.0442326402148479,2022-05-02T23:24:59Z,1.0446987878304734,1d,2022-05-02T23:29:57Z
1.6209256159527285e-12,2022-05-02T23:29:58Z,1.0446987878304734,2022-05-03T23:29:59Z,1.044698787830478,1d,2022-05-03T23:34:56Z
1.2156942119645464e-12,2022-05-03T23:34:57Z,1.044698787830478,2022-05-04T23:34:59Z,1.0446987878304816,1d,2022-05-04T23:39:57Z
0.1736053570513887,2022-05-04T23:39:58Z,1.0446987878304816,2022-05-05T23:39:58Z,1.0451570689142744,1d,2022-05-05T23:44:59Z
4.6846970747083105e-12,2022-05-05T23:45:00Z,1.0451570689142746,2022-05-06T23:49:55Z,1.0451570689142882,1d,2022-05-06T23:54:57Z
9.725553695716371e-13,2022-05-06T23:54:58Z,1.0451570689142882,2022-05-07T23:54:59Z,1.045157068914291,1d,2022-05-07T23:59:58Z
0.17850295339261946,2022-05-07T23:59:59Z,1.045157068914291,2022-05-09T00:00:00Z,1.0456274864106683,1d,2022-05-09T00:04:57Z
1.2156942119645464e-12,2022-05-09T00:04:58Z,1.0456274864106683,2022-05-10T00:04:58Z,1.0456274864106718,1d,2022-05-10T00:09:56Z
1.7830181775480014e-12,2022-05-10T00:09:57Z,1.0456274864106718,2022-05-11T00:09:58Z,1.045627486410677,1d,2022-05-11T00:14:46Z
2.269073817728895e-12,2022-05-11T00:14:47Z,1.045627486410677,2022-05-12T00:14:58Z,1.0456274864106834,1d,2022-05-12T00:19:55Z
0.18064972587008588,2022-05-12T00:19:56Z,1.0456274864106834,2022-05-13T00:21:07Z,1.046103717342759,1d,2022-05-13T00:26:32Z
1.617150857669003e-12,2022-05-13T00:26:33Z,1.046103717342759,2022-05-14T00:29:58Z,1.0461037173427636,1d,2022-05-14T00:34:52Z
1.1306511282782594e-12,2022-05-14T00:34:53Z,1.0461037173427636,2022-05-15T00:39:55Z,1.046103717342767,1d,2022-05-15T00:44:57Z
0.19205388103944498,2022-05-15T00:44:58Z,1.046103717342767,2022-05-16T00:44:58Z,1.0466073376221503,1d,2022-05-16T00:49:56Z
1.050048936690473e-12,2022-05-16T00:49:57Z,1.0466073376221503,2022-05-17T00:54:56Z,1.0466073376221534,1d,2022-05-17T00:59:56Z
1.2156942119645464e-12,2022-05-17T00:59:57Z,1.0466073376221534,2022-05-18T00:59:58Z,1.046607337622157,1d,2022-05-18T01:04:57Z
2.0261570199409107e-12,2022-05-18T01:04:58Z,1.046607337622157,2022-05-19T01:04:58Z,1.0466073376221627,1d,2022-05-19T01:09:57Z
0.18538571711730856,2022-05-19T01:09:58Z,1.046607337622163,2022-05-20T01:14:50Z,1.0470967566879419,1d,2022-05-20T01:19:51Z
2.4311663793241678e-12,2022-05-20T01:19:52Z,1.0470967566879419,2022-05-21T01:19:58Z,1.0470967566879488,1d,2022-05-21T01:24:55Z
8.915090887740007e-13,2022-05-21T01:24:56Z,1.0470967566879488,2022-05-22T01:24:58Z,1.0470967566879514,1d,2022-05-22T01:29:57Z
0.18592128665466712,2022-05-22T01:29:58Z,1.0470967566879514,2022-05-23T01:34:56Z,1.0475877394350317,1d,2022-05-23T01:39:57Z
1.1306511282782594e-12,2022-05-23T01:39:58Z,1.0475877394350317,2022-05-24T01:44:55Z,1.047587739435035,1d,2022-05-24T01:49:56Z
1.050048936690473e-12,2022-05-24T01:49:57Z,1.047587739435035,2022-05-25T01:54:56Z,1.0475877394350381,1d,2022-05-25T01:59:52Z
2.8330671142384745e-12,2022-05-25T01:59:53Z,1.0475877394350381,2022-05-26T02:01:42Z,1.0475877394350464,1d,2022-05-26T02:07:14Z
0.1837647514575611,2022-05-26T02:07:15Z,1.0475877394350464,2022-05-27T02:11:51Z,1.0480735847133815,1d,2022-05-27T02:17:01Z
8.08686451136964e-13,2022-05-27T02:17:02Z,1.0480735847133815,2022-05-28T02:20:19Z,1.0480735847133837,1d,2022-05-28T02:25:26Z
7.287503933639528e-13,2022-05-28T02:25:27Z,1.0480735847133837,2022-05-29T02:26:58Z,1.0480735847133857,1d,2022-05-29T02:31:52Z
0.17706487250798664,2022-05-29T02:31:53Z,1.0480735847133857,2022-05-30T02:35:55Z,1.048543113575744,1d,2022-05-30T02:40:51Z
8.097966741615892e-13,2022-05-30T02:40:52Z,1.048543113575744,2022-05-31T02:41:59Z,1.0485431135757461,1d,2022-05-31T02:47:21Z
1.0518252935298733e-12,2022-05-31T02:47:22Z,1.0485431135757461,2022-06-01T02:49:41Z,1.0485431135757493,1d,2022-06-01T02:55:02Z
1.2951861805277076e-12,2022-06-01T02:55:03Z,1.0485431135757493,2022-06-02T02:56:53Z,1.048543113575753,1d,2022-06-02T03:02:19Z
0.175898794648651,2022-06-02T03:02:20Z,1.048543113575753,2022-06-03T03:03:04Z,1.0490089290283549,1d,2022-06-03T03:08:13Z
8.095746295566641e-13,2022-06-03T03:08:14Z,1.0490089290283549,2022-06-04T03:09:55Z,1.049008929028357,1d,2022-06-04T03:15:14Z
5.664357871637549e-13,2022-06-04T03:15:15Z,1.049008929028357,2022-06-05T03:17:42Z,1.0490089290283586,1d,2022-06-05T03:23:07Z
0.09409319716788778,2022-06-05T03:23:08Z,1.0490089290283586,2022-06-06T03:24:58Z,1.049267736733405,1d,2022-06-06T03:29:55Z
0.06710354953246633,2022-06-06T03:29:56Z,1.0492975395540922,2022-06-07T03:29:58Z,1.0494842722493474,1d,2022-06-07T03:34:46Z
7.294165271787278e-13,2022-06-07T03:34:47Z,1.0494842722493474,2022-06-08T03:34:57Z,1.0494842722493494,1d,2022-06-08T03:39:54Z
3.232969447708456e-13,2022-06-08T03:39:55Z,1.0494842722493494,2022-06-09T03:44:02Z,1.0494842722493503,1d,2022-06-09T03:49:55Z
0.17969991289647025,2022-06-09T03:49:56Z,1.0494842722493503,2022-06-10T03:49:57Z,1.049959557587127,1d,2022-06-10T03:54:52Z
5.67323965583455e-13,2022-06-10T03:54:53Z,1.049959557587127,2022-06-11T03:54:58Z,1.0499595575871286,1d,2022-06-11T03:59:54Z
8.075762281123389e-13,2022-06-11T03:59:55Z,1.0499595575871286,2022-06-12T04:04:57Z,1.049959557587131,1d,2022-06-12T04:09:55Z
1.701971896750365e-12,2022-06-12T04:09:56Z,1.049959557587131,2022-06-13T04:09:57Z,1.0499595575871359,1d,2022-06-13T04:14:56Z
0.18336431782335194,2022-06-13T04:14:57Z,1.0499595575871359,2022-06-14T04:14:57Z,1.0504439782454753,1d,2022-06-14T04:19:53Z
9.692247004977617e-13,2022-06-14T04:19:54Z,1.0504439782454753,2022-06-15T04:24:50Z,1.0504439782454782,1d,2022-06-15T04:29:56Z
8.915090887740007e-13,2022-06-15T04:29:57Z,1.0504439782454782,2022-06-16T04:29:57Z,1.0504439782454809,1d,2022-06-16T04:34:57Z
0.18442657400978812,2022-06-16T04:34:58Z,1.0504439782454809,2022-06-17T04:34:58Z,1.0509312058321858,1d,2022-06-17T04:39:58Z
8.104628079763643e-13,2022-06-17T04:39:59Z,1.0509312058321858,2022-06-18T04:39:59Z,1.050931205832188,1d,2022-06-18T04:44:57Z
2.1818102879933576e-12,2022-06-18T04:44:58Z,1.050931205832188,2022-06-19T04:49:12Z,1.0509312058321942,1d,2022-06-19T04:54:57Z
0.025359147995797082,2022-06-19T04:54:58Z,1.0509312058321942,2022-06-20T04:54:59Z,1.0510033143640576,1d,2022-06-20T05:00:00Z
0.1430305156330567,2022-06-20T05:00:01Z,1.051026862413803,2022-06-21T05:04:55Z,1.0514131871398114,1d,2022-06-21T05:09:59Z
3.311573237851917e-12,2022-06-21T05:10:00Z,1.0514131871398114,2022-06-22T05:14:56Z,1.051413187139821,1d,2022-06-22T05:19:58Z
1.6209256159527285e-12,2022-06-22T05:19:59Z,1.051413187139821,2022-06-23T05:19:59Z,1.0514131871398256,1d,2022-06-23T05:24:57Z
0.15318907627539224,2022-06-23T05:24:58Z,1.0514131871398256,2022-06-24T05:24:59Z,1.051823845213541,1d,2022-06-24T05:29:57Z
3.876898801991047e-12,2022-06-24T05:29:58Z,1.051823845213541,2022-06-25T05:34:57Z,1.0518238452135522,1d,2022-06-25T05:39:55Z
1.7830181775480014e-12,2022-06-25T05:39:56Z,1.0518238452135522,2022-06-26T05:39:59Z,1.0518238452135573,1d,2022-06-26T05:44:54Z
0.17730720731913152,2022-06-26T05:44:55Z,1.0518238452135573,2022-06-27T05:45:09Z,1.0522944074800293,1d,2022-06-27T05:49:56Z
3.225530953443467e-11,2022-06-27T05:49:57Z,1.0522944074800293,2022-06-28T05:50:00Z,1.0522944074801224,1d,2022-06-28T05:55:00Z
5.112665846240816e-11,2022-06-28T05:55:01Z,1.0522944074801224,2022-06-29T05:59:58Z,1.0522944074802703,1d,2022-06-29T06:04:57Z
0.17509175028324098,2022-06-29T06:04:58Z,1.0522944074802703,2022-06-30T06:04:58Z,1.0527596712251932,1d,2022-06-30T06:09:57Z
5.67323965583455e-13,2022-06-30T06:09:58Z,1.0527596712251932,2022-07-01T06:09:59Z,1.0527596712251948,1d,2022-07-01T06:14:58Z
8.075762281123389e-13,2022-07-01T06:14:59Z,1.0527596712251948,2022-07-02T06:19:59Z,1.0527596712251972,1d,2022-07-02T06:24:58Z
0.17567595721919504,2022-07-02T06:24:59Z,1.0527596712251972,2022-07-03T06:29:56Z,1.0532281802408918,1d,2022-07-03T06:35:02Z
4.0389913635863195e-13,2022-07-03T06:35:03Z,1.0532281802408918,2022-07-04T06:40:00Z,1.053228180240893,1d,2022-07-04T06:44:56Z
9.725553695716371e-13,2022-07-04T06:44:57Z,1.053228180240893,2022-07-05T06:44:57Z,1.0532281802408958,1d,2022-07-05T06:49:53Z
0.17572174587794986,2022-07-05T06:49:54Z,1.0532281802408958,2022-07-06T06:54:59Z,1.053697053845136,1d,2022-07-06T06:59:48Z
4.0523140398818214e-13,2022-07-06T06:59:49Z,1.053697053845136,2022-07-07T06:59:58Z,1.0536970538451371,1d,2022-07-07T07:05:00Z
8.1583628741555e-12,2022-07-07T07:05:01Z,1.0536970538451371,2022-07-08T07:09:50Z,1.0536970538451607,1d,2022-07-08T07:14:39Z
4.902211969692871e-11,2022-07-08T07:14:40Z,1.0536970538451709,2022-07-09T07:14:59Z,1.0536970538453123,1d,2022-07-09T07:19:57Z
0.18112118768141716,2022-07-09T07:19:58Z,1.0536970538453123,2022-07-10T07:20:00Z,1.054177730137001,1d,2022-07-10T07:24:54Z
5.381295409279119e-11,2022-07-10T07:24:55Z,1.054177730137001,2022-07-11T07:24:58Z,1.0541777301371564,1d,2022-07-11T07:29:57Z
2.6652680062966283e-11,2022-07-11T07:29:58Z,1.0541777301371564,2022-07-12T07:34:58Z,1.0541777301372337,1d,2022-07-12T07:39:57Z
0.17222197264667916,2022-07-12T07:39:58Z,1.0541777301372337,2022-07-13T07:39:59Z,1.0546367667843708,1d,2022-07-13T07:44:57Z
2.1882495815361835e-12,2022-07-13T07:44:58Z,1.0546367667843708,2022-07-14T07:44:58Z,1.0546367667843772,1d,2022-07-14T07:49:58Z
1.8559376258053817e-11,2022-07-14T07:49:59Z,1.0546367667843772,2022-07-15T07:50:00Z,1.054636766784431,1d,2022-07-15T07:54:59Z
0.17498001122250795,2022-07-15T07:55:00Z,1.054636766784431,2022-07-16T07:59:58Z,1.0551043990065287,1d,2022-07-16T08:04:57Z
1.701971896750365e-12,2022-07-16T08:04:58Z,1.0551043990065287,2022-07-17T08:04:58Z,1.0551043990065336,1d,2022-07-17T08:09:56Z
8.104628079763643e-13,2022-07-17T08:09:57Z,1.0551043990065336,2022-07-18T08:09:59Z,1.055104399006536,1d,2022-07-18T08:14:57Z
0.1740123380641576,2022-07-18T08:14:58Z,1.055104399006536,2022-07-19T08:14:58Z,1.0555682474480321,1d,2022-07-19T08:19:55Z
7.294165271787278e-13,2022-07-19T08:19:56Z,1.0555682474480321,2022-07-20T08:20:00Z,1.0555682474480343,1d,2022-07-20T08:24:57Z
1.4263923375779086e-11,2022-07-20T08:24:58Z,1.0555682474480343,2022-07-21T08:24:59Z,1.0555682474480756,1d,2022-07-21T08:29:57Z
0.16343779196561758,2022-07-21T08:29:58Z,1.0555682474480756,2022-07-22T08:29:58Z,1.0560061221197412,1d,2022-07-22T08:34:59Z
1.0580869513887592e-11,2022-07-22T08:35:00Z,1.0560061221197412,2022-07-23T08:39:56Z,1.0560061221197719,1d,2022-07-23T08:44:58Z
1.6209256159527285e-12,2022-07-23T08:44:59Z,1.0560061221197719,2022-07-24T08:44:59Z,1.0560061221197765,1d,2022-07-24T08:49:58Z
0.1753662038937267,2022-07-24T08:49:59Z,1.0560061221197765,2022-07-25T08:54:58Z,1.0564753214085782,1d,2022-07-25T08:59:56Z
2.431388423929093e-12,2022-07-25T08:59:57Z,1.0564753214085785,2022-07-26T09:00:00Z,1.0564753214085856,1d,2022-07-26T09:04:57Z
4.295452882274731e-12,2022-07-26T09:04:58Z,1.0564753214085856,2022-07-27T09:04:59Z,1.056475321408598,1d,2022-07-27T09:09:58Z
0.17289322932825746,2022-07-27T09:09:59Z,1.056475321408598,2022-07-28T09:14:34Z,1.056938480742032,1d,2022-07-28T09:19:52Z
1.7768009286101005e-12,2022-07-28T09:19:53Z,1.056938480742032,2022-07-29T09:24:51Z,1.056938480742037,1d,2022-07-29T09:29:59Z
1.6961987370223142e-12,2022-07-29T09:30:00Z,1.056938480742037,2022-07-30T09:34:59Z,1.0569384807420419,1d,2022-07-30T09:39:58Z
0.17200384713177308,2022-07-30T09:39:59Z,1.0569384807420419,2022-07-31T09:39:59Z,1.057398175100132,1d,2022-07-31T09:44:58Z
1.7830181775480014e-12,2022-07-31T09:44:59Z,1.057398175100132,2022-08-01T09:44:59Z,1.0573981751001371,1d,2022-08-01T09:49:57Z
1.2237766355838176e-11,2022-08-01T09:49:58Z,1.0573981751001371,2022-08-02T09:49:59Z,1.0573981751001726,1d,2022-08-02T09:54:57Z
0.17511414713939089,2022-08-02T09:54:58Z,1.0573981751001726,2022-08-03T09:54:59Z,1.0578657560883795,1d,2022-08-03T09:59:59Z
3.0691005292737827e-12,2022-08-03T10:00:00Z,1.0578657560883795,2022-08-04T10:04:57Z,1.0578657560883884,1d,2022-08-04T10:09:58Z
7.294165271787278e-13,2022-08-04T10:09:59Z,1.0578657560883884,2022-08-05T10:09:59Z,1.0578657560883906,1d,2022-08-05T10:14:58Z
0.17510203125829804,2022-08-05T10:14:59Z,1.0578657560883906,2022-08-06T10:14:59Z,1.0583335085297794,1d,2022-08-06T10:19:56Z
6.483702463810914e-13,2022-08-06T10:19:57Z,1.0583335085297794,2022-08-07T10:19:59Z,1.0583335085297811,1d,2022-08-07T10:24:51Z
7.294165271787278e-13,2022-08-07T10:24:52Z,1.0583335085297811,2022-08-08T10:24:59Z,1.0583335085297834,1d,2022-08-08T10:29:59Z
0.1704010127954676,2022-08-08T10:30:00Z,1.0583335085297834,2022-08-09T10:34:57Z,1.058791408752124,1d,2022-08-09T10:39:49Z
5.653255641391297e-13,2022-08-09T10:39:50Z,1.058791408752124,2022-08-10T10:44:59Z,1.0587914087521255,1d,2022-08-10T10:49:56Z
6.483702463810914e-13,2022-08-10T10:49:57Z,1.0587914087521255,2022-08-11T10:50:00Z,1.0587914087521273,1d,2022-08-11T10:54:54Z
0.1714530652731101,2022-08-11T10:54:55Z,1.0587914087521273,2022-08-12T10:54:58Z,1.0592505608106102,1d,2022-08-12T10:59:58Z
6.461498003318411e-13,2022-08-12T10:59:59Z,1.0592505608106102,2022-08-13T11:04:57Z,1.059250560810612,1d,2022-08-13T11:09:58Z
5.653255641391297e-13,2022-08-13T11:09:59Z,1.059250560810612,2022-08-14T11:14:59Z,1.0592505608106135,1d,2022-08-14T11:19:58Z
0.16889119704074096,2022-08-14T11:19:59Z,1.0592505608106135,2022-08-15T11:24:51Z,1.05970507102419,1d,2022-08-15T11:29:59Z
7.269740365245525e-13,2022-08-15T11:30:00Z,1.05970507102419,2022-08-16T11:34:56Z,1.0597050710241922,1d,2022-08-16T11:39:57Z
1.857625164802812e-12,2022-08-16T11:39:58Z,1.0597050710241922,2022-08-17T11:44:59Z,1.0597050710241975,1d,2022-08-17T11:49:27Z
0.15497767696196263,2022-08-17T11:49:28Z,1.0597050710241975,2022-08-18T11:49:58Z,1.0601236095422228,1d,2022-08-18T11:54:55Z
1.0941025863075993e-11,2022-08-18T11:54:56Z,1.0601236095422228,2022-08-19T11:54:58Z,1.0601236095422546,1d,2022-08-19T11:59:57Z
7.050804384789444e-12,2022-08-19T11:59:58Z,1.0601236095422546,2022-08-20T12:00:00Z,1.060123609542275,1d,2022-08-20T12:04:54Z
0.1679650325537949,2022-08-20T12:04:55Z,1.060123609542275,2022-08-21T12:09:57Z,1.0605762355801778,1d,2022-08-21T12:15:00Z
9.0463192492507e-12,2022-08-21T12:15:01Z,1.0605762355801778,2022-08-22T12:19:56Z,1.0605762355802042,1d,2022-08-22T12:24:57Z
4.862776847858186e-13,2022-08-22T12:24:58Z,1.0605762355802042,2022-08-23T12:24:59Z,1.0605762355802055,1d,2022-08-23T12:29:59Z
0.15865138120865496,2022-08-23T12:30:00Z,1.0605762355802055,2022-08-24T12:34:58Z,1.0610056804479866,1d,2022-08-24T12:39:58Z
6.461498003318411e-13,2022-08-24T12:39:59Z,1.0610056804479866,2022-08-25T12:44:58Z,1.0610056804479884,1d,2022-08-25T12:49:59Z
9.239276010930553e-12,2022-08-25T12:50:00Z,1.0610056804479884,2022-08-26T12:50:00Z,1.0610056804480152,1d,2022-08-26T12:54:58Z
0.15991112627061277,2022-08-26T12:54:59Z,1.0610056804480152,2022-08-27T12:54:59Z,1.0614369822682246,1d,2022-08-27T12:59:57Z
4.214406601477094e-12,2022-08-27T12:59:58Z,1.0614369822682246,2022-08-28T12:59:59Z,1.0614369822682368,1d,2022-08-28T13:04:58Z
0.159170036575919,2022-08-28T13:04:59Z,1.0614369822682368,2022-08-29T13:04:59Z,1.0618666000588737,1d,2022-08-29T13:09:05Z
6.479261571712414e-13,2022-08-29T13:09:06Z,1.0618666000588737,2022-08-30T13:09:58Z,1.0618666000588757,1d,2022-08-30T13:14:57Z
4.781730567060549e-12,2022-08-30T13:14:58Z,1.0618666000588757,2022-08-31T13:14:59Z,1.0618666000588897,1d,2022-08-31T13:19:58Z
0.16647268529682524,2022-08-31T13:19:59Z,1.0618666000588899,2022-09-01T13:24:55Z,1.062316204978661,1d,2022-09-01T13:29:57Z
1.3777867735598193e-12,2022-09-01T13:29:58Z,1.062316204978661,2022-09-02T13:29:59Z,1.062316204978665,1d,2022-09-02T13:34:57Z
8.104628079763643e-13,2022-09-02T13:34:58Z,1.062316204978665,2022-09-03T13:34:59Z,1.0623162049786674,1d,2022-09-03T13:39:56Z
0.15897771163678875,2022-09-03T13:39:57Z,1.0623162049786674,2022-09-04T13:40:00Z,1.0627457104248055,1d,2022-09-04T13:44:59Z
2.6652013929151508e-12,2022-09-04T13:45:00Z,1.0627457104248055,2022-09-05T13:50:00Z,1.0627457104248133,1d,2022-09-05T13:54:58Z
2.5934809855243657e-12,2022-09-05T13:54:59Z,1.0627457104248133,2022-09-06T13:55:00Z,1.0627457104248208,1d,2022-09-06T13:59:57Z
0.155241614999716,2022-09-06T13:59:58Z,1.0627457104248208,2022-09-07T14:04:58Z,1.0631674292278313,1d,2022-09-07T14:09:59Z
2.1807000649687325e-12,2022-09-07T14:10:00Z,1.0631674292278313,2022-09-08T14:14:59Z,1.0631674292278377,1d,2022-09-08T14:19:50Z
2.6649793483102258e-12,2022-09-08T14:19:51Z,1.0631674292278377,2022-09-09T14:24:59Z,1.0631674292278455,1d,2022-09-09T14:29:58Z
0.15863941200762488,2022-09-09T14:29:59Z,1.0631674292278455,2022-09-10T14:34:58Z,1.0635978980728196,1d,2022-09-10T14:39:58Z
4.2805758937447536e-12,2022-09-10T14:39:59Z,1.0635978980728196,2022-09-11T14:44:58Z,1.063597898072832,1d,2022-09-11T14:49:59Z
0.15822739484100934,2022-09-11T14:50:00Z,1.063597898072832,2022-09-12T14:50:00Z,1.0640260189260793,1d,2022-09-12T14:54:59Z
4.0389913635863195e-13,2022-09-12T14:55:00Z,1.0640260189260793,2022-09-13T14:59:56Z,1.0640260189260804,1d,2022-09-13T15:04:56Z
1.4588330543574557e-12,2022-09-13T15:04:57Z,1.0640260189260804,2022-09-14T15:05:00Z,1.0640260189260846,1d,2022-09-14T15:09:57Z
0.15778249686503232,2022-09-14T15:09:58Z,1.0640260189260846,2022-09-15T15:14:50Z,1.0644546356555427,1d,2022-09-15T15:19:45Z
2.269073817728895e-12,2022-09-15T15:19:46Z,1.0644546356555427,2022-09-16T15:19:57Z,1.0644546356555493,1d,2022-09-16T15:24:57Z
4.845013279464183e-13,2022-09-16T15:24:58Z,1.0644546356555493,2022-09-17T15:29:58Z,1.0644546356555507,1d,2022-09-17T15:34:59Z
0.16156308616190862,2022-09-17T15:35:00Z,1.0644546356555507,2022-09-18T15:35:00Z,1.0648914916770986,1d,2022-09-18T15:39:58Z
4.845013279464183e-13,2022-09-18T15:39:59Z,1.0648914916770986,2022-09-19T15:44:58Z,1.0648914916771,1d,2022-09-19T15:50:00Z
3.1608049511078207e-12,2022-09-19T15:50:01Z,1.0648914916771,2022-09-20T15:50:01Z,1.064891491677109,1d,2022-09-20T15:54:57Z
0.16198405077611988,2022-09-20T15:54:58Z,1.064891491677109,2022-09-21T15:59:58Z,1.065331106040107,1d,2022-09-21T16:04:57Z
1.6961987370223142e-12,2022-09-21T16:04:58Z,1.065331106040107,2022-09-22T16:09:57Z,1.0653311060401118,1d,2022-09-22T16:14:57Z
2.244981978094529e-11,2022-09-22T16:14:58Z,1.0653311060401118,2022-09-23T16:14:58Z,1.0653311060401773,1d,2022-09-23T16:19:58Z
0.1604676963966145,2022-09-23T16:19:59Z,1.0653311060401776,2022-09-24T16:20:00Z,1.0657655719341461,1d,2022-09-24T16:24:57Z
1.3777867735598193e-12,2022-09-24T16:24:58Z,1.0657655719341461,2022-09-25T16:25:00Z,1.0657655719341501,1d,2022-09-25T16:29:57Z
0.15915965353870987,2022-09-25T16:29:58Z,1.0657655719341501,2022-09-26T16:29:59Z,1.0661969205544644,1d,2022-09-26T16:34:59Z
9.692247004977617e-13,2022-09-26T16:35:00Z,1.0661969205544644,2022-09-27T16:39:54Z,1.0661969205544672,1d,2022-09-27T16:44:57Z
1.13464793116691e-12,2022-09-27T16:44:58Z,1.0661969205544672,2022-09-28T16:45:00Z,1.0661969205544706,1d,2022-09-28T16:49:56Z
0.16008147962693342,2022-09-28T16:49:57Z,1.0661969205544706,2022-09-29T16:50:00Z,1.0666307768515655,1d,2022-09-29T16:54:56Z
8.915090887740007e-13,2022-09-29T16:54:57Z,1.0666307768515655,2022-09-30T16:55:00Z,1.0666307768515682,1d,2022-09-30T16:59:57Z
2.431388423929093e-13,2022-09-30T16:59:58Z,1.0666307768515682,2022-10-01T17:00:00Z,1.0666307768515688,1d,2022-10-01T17:04:59Z
0.16623093366604658,2022-10-01T17:05:00Z,1.0666307768515688,2022-10-02T17:09:59Z,1.0670818065442256,1d,2022-10-02T17:15:00Z
1.6198153929281034e-12,2022-10-02T17:15:01Z,1.0670818065442256,2022-10-03T17:16:01Z,1.0670818065442302,1d,2022-10-03T17:19:57Z
1.1306511282782594e-12,2022-10-03T17:19:58Z,1.0670818065442302,2022-10-04T17:24:58Z,1.0670818065442336,1d,2022-10-04T17:30:27Z
0.15804218320839358,2022-10-04T17:30:28Z,1.0670818065442338,2022-10-05T17:34:59Z,1.0675122080576922,1d,2022-10-05T17:39:58Z
1.0536016503692736e-12,2022-10-05T17:39:59Z,1.0675122080576922,2022-10-06T17:39:59Z,1.0675122080576953,1d,2022-10-06T17:44:59Z
6.299849530932988e-12,2022-10-06T17:45:00Z,1.0675122080576953,2022-10-07T17:49:58Z,1.0675122080577137,1d,2022-10-07T17:54:58Z
0.15874536844199016,2022-10-07T17:54:59Z,1.067512208057714,2022-10-08T17:55:00Z,1.0679432176864816,1d,2022-10-08T17:59:59Z
1.6209256159527285e-12,2022-10-08T18:00:00Z,1.0679432176864816,2022-10-09T18:00:00Z,1.0679432176864863,1d,2022-10-09T18:04:59Z
0.04903590898797394,2022-10-09T18:05:00Z,1.0679432176864863,2022-10-10T18:09:59Z,1.0680837777052623,1d,2022-10-10T18:14:59Z
0.10698300049421205,2022-10-10T18:15:00Z,1.0680857136207325,2022-10-11T18:19:59Z,1.0683842048989887,1d,2022-10-11T18:24:59Z
2.4230395467839116e-11,2022-10-11T18:25:00Z,1.068384204898989,2022-10-12T18:29:58Z,1.0683842048990604,1d,2022-10-12T18:34:57Z
0.16035711531291952,2022-10-12T18:34:58Z,1.0683842048990604,2022-10-13T18:35:00Z,1.0688196419038503,1d,2022-10-13T18:39:59Z
6.70374866729162e-12,2022-10-13T18:40:00Z,1.0688196419038503,2022-10-14T18:44:57Z,1.06881964190387,1d,2022-10-14T18:49:59Z
4.442224366130176e-12,2022-10-14T18:50:00Z,1.06881964190387,2022-10-15T18:54:59Z,1.0688196419038831,1d,2022-10-15T18:59:57Z
0.16545415996163615,2022-10-15T18:59:58Z,1.0688196419038831,2022-10-16T19:00:00Z,1.0692680966979669,1d,2022-10-16T19:04:58Z
9.692247004977617e-13,2022-10-16T19:04:59Z,1.0692680966979669,2022-10-17T19:09:59Z,1.0692680966979697,1d,2022-10-17T19:14:58Z
0.18514734198002336,2022-10-17T19:14:59Z,1.0692680966979697,2022-10-18T19:15:00Z,1.0697658442380455,1d,2022-10-18T19:19:59Z
1.2075895838847828e-11,2022-10-18T19:20:00Z,1.0697658442380455,2022-10-19T19:20:00Z,1.0697658442380809,1d,2022-10-19T19:24:58Z
0.06346875639164984,2022-10-19T19:24:59Z,1.0697658442380809,2022-10-20T19:25:00Z,1.0699462151914871,1d,2022-10-20T19:29:59Z
0.08347205550513825,2022-10-20T19:30:00Z,1.0699559669414433,2022-10-21T19:30:00Z,1.0701910041861251,1d,2022-10-21T19:34:58Z
3.809175197488912e-12,2022-10-21T19:34:59Z,1.0701910041861251,2022-10-22T19:34:59Z,1.0701910041861362,1d,2022-10-22T19:39:59Z
0.15644866173433503,2022-10-22T19:40:00Z,1.0701910041861362,2022-10-23T19:40:00Z,1.0706172708114896,1d,2022-10-23T19:44:59Z
4.0389913635863195e-13,2022-10-23T19:45:00Z,1.0706172708114896,2022-10-24T19:49:59Z,1.0706172708114907,1d,2022-10-24T19:54:59Z
0.15652423874105748,2022-10-24T19:55:00Z,1.0706172708114907,2022-10-25T19:55:00Z,1.0710438989850666,1d,2022-10-25T20:00:01Z
4.862776847858186e-13,2022-10-25T20:00:02Z,1.0710438989850666,2022-10-26T20:00:02Z,1.071043898985068,1d,2022-10-26T20:04:56Z
0.15594431344962723,2022-10-26T20:04:57Z,1.071043898985068,2022-10-27T20:05:00Z,1.0714692395782808,1d,2022-10-27T20:09:57Z
7.1880279506331135e-12,2022-10-27T20:09:58Z,1.0714692395782814,2022-10-28T20:14:59Z,1.0714692395783025,1d,2022-10-28T20:19:58Z
0.11738264417108724,2022-10-28T20:19:59Z,1.0714692395783025,2022-10-29T20:24:59Z,1.0717962326098762,1d,2022-10-29T20:29:58Z
0.029844000274081628,2022-10-29T20:29:59Z,1.0718053401260144,2022-10-30T20:30:00Z,1.07189169786019,1d,2022-10-30T20:34:58Z
7.294165271787278e-13,2022-10-30T20:34:59Z,1.07189169786019,2022-10-31T20:35:00Z,1.0718916978601922,1d,2022-10-31T20:39:58Z
0.1568380501202813,2022-10-31T20:39:59Z,1.0718916978601922,2022-11-01T20:40:01Z,1.0723196408368179,1d,2022-11-01T20:44:59Z
6.483702463810914e-13,2022-11-01T20:45:00Z,1.0723196408368179,2022-11-02T20:45:01Z,1.0723196408368199,1d,2022-11-02T20:49:59Z
0.15866636701874626,2022-11-02T20:50:00Z,1.0723196408368199,2022-11-03T20:54:58Z,1.0727538789477986,1d,2022-11-03T20:59:55Z
1.1670220345649795e-11,2022-11-03T20:59:56Z,1.0727538789477993,2022-11-04T21:00:00Z,1.0727538789478335,1d,2022-11-04T21:04:56Z
0.16966032923282603,2022-11-04T21:04:57Z,1.0727538789478335,2022-11-05T21:04:58Z,1.0732145719306865,1d,2022-11-05T21:09:57Z
5.754285936632186e-12,2022-11-05T21:09:58Z,1.0732145719306865,2022-11-06T21:09:59Z,1.0732145719307034,1d,2022-11-06T21:15:00Z
0.019866987368565958,2022-11-06T21:15:01Z,1.0732145719307034,2022-11-07T21:19:59Z,1.0732726154881957,1d,2022-11-07T21:20:04Z
0.14516995981031622,2022-11-07T21:20:05Z,1.0732726154881957,2022-11-08T21:24:59Z,1.0736726364388378,1d,2022-11-08T21:29:58Z
8.965050923848139e-12,2022-11-08T21:29:59Z,1.0736726364388378,2022-11-09T21:34:58Z,1.0736726364388642,1d,2022-11-09T21:39:58Z
0.247014920482447,2022-11-09T21:39:59Z,1.0736726364388645,2022-11-10T21:44:59Z,1.0743244479994218,1d,2022-11-10T21:49:59Z
1.219602197011227e-11,2022-11-10T21:50:00Z,1.074324447999422,2022-11-11T21:54:58Z,1.074324447999458,1d,2022-11-11T21:59:56Z
7.1318506655870806e-12,2022-11-11T21:59:57Z,1.074324447999458,2022-11-12T21:59:59Z,1.0743244479994791,1d,2022-11-12T22:04:25Z
0.24277819357769226,2022-11-12T22:04:26Z,1.0743244479994791,2022-11-13T22:04:56Z,1.0749645970014405,1d,2022-11-13T22:09:58Z
1.3731238368563936e-12,2022-11-13T22:09:59Z,1.0749645970014405,2022-11-14T22:14:47Z,1.0749645970014445,1d,2022-11-14T22:19:50Z
0.19325872847538128,2022-11-14T22:19:51Z,1.0749645970014445,2022-11-15T22:20:01Z,1.075485148530453,1d,2022-11-15T22:24:59Z
1.13464793116691e-12,2022-11-15T22:25:00Z,1.075485148530453,2022-11-16T22:25:00Z,1.0754851485304564,1d,2022-11-16T22:29:58Z
0.18587037172962262,2022-11-16T22:29:59Z,1.0754851485304564,2022-11-17T22:34:59Z,1.0759893272010654,1d,2022-11-17T22:39:57Z
1.6209256159527285e-12,2022-11-17T22:39:58Z,1.0759893272010654,2022-11-18T22:40:00Z,1.07598932720107,1d,2022-11-18T22:44:59Z
0.18026965237138826,2022-11-18T22:45:00Z,1.07598932720107,2022-11-19T22:45:00Z,1.0764780343845919,1d,2022-11-19T22:49:56Z
2.431388423929093e-13,2022-11-19T22:49:57Z,1.0764780343845919,2022-11-20T22:50:00Z,1.0764780343845926,1d,2022-11-20T22:54:59Z
1.6476375819252098e-11,2022-11-20T22:55:00Z,1.0764780343845926,2022-11-21T22:59:59Z,1.0764780343846414,1d,2022-11-21T23:04:59Z
0.17720538392307672,2022-11-21T23:05:00Z,1.0764780343846414,2022-11-22T23:09:59Z,1.0769609589781208,1d,2022-11-22T23:14:59Z
8.104628079763643e-13,2022-11-22T23:15:00Z,1.0769609589781208,2022-11-23T23:15:00Z,1.0769609589781233,1d,2022-11-23T23:19:58Z
0.17817035506207635,2022-11-23T23:19:59Z,1.0769609589781233,2022-11-24T23:19:59Z,1.0774448523523357,1d,2022-11-24T23:24:59Z
4.133360320679458e-12,2022-11-24T23:25:00Z,1.0774448523523357,2022-11-25T23:25:00Z,1.0774448523523479,1d,2022-11-25T23:29:59Z
0.18378698256583692,2022-11-25T23:30:00Z,1.0774448523523479,2022-11-26T23:30:01Z,1.0779430143258861,1d,2022-11-26T23:34:57Z
8.104628079763643e-13,2022-11-26T23:34:58Z,1.0779430143258861,2022-11-27T23:35:00Z,1.0779430143258886,1d,2022-11-27T23:39:58Z
0.18178604660482156,2022-11-27T23:39:59Z,1.0779430143258886,2022-11-28T23:39:59Z,1.0784364024734827,1d,2022-11-28T23:44:59Z
1.9126700223637272e-11,2022-11-28T23:45:00Z,1.0784364024734827,2022-11-29T23:45:01Z,1.0784364024735393,1d,2022-11-29T23:49:59Z
0.17945053560444224,2022-11-29T23:50:00Z,1.0784364024735396,2022-11-30T23:50:00Z,1.0789241689301878,1d,2022-11-30T23:54:59Z
4.619638005465276e-12,2022-11-30T23:55:00Z,1.0789241689301878,2022-12-01T23:55:00Z,1.0789241689302014,1d,2022-12-02T00:00:00Z
1.9451107391432743e-11,2022-12-02T00:00:01Z,1.0789241689302016,2022-12-03T00:00:01Z,1.078924168930259,1d,2022-12-03T00:04:58Z
0.18356685512661297,2022-12-03T00:04:59Z,1.078924168930259,2022-12-04T00:05:00Z,1.0794224648959028,1d,2022-12-04T00:09:58Z
1.0292655616694901e-11,2022-12-04T00:09:59Z,1.0794224648959028,2022-12-05T00:10:00Z,1.0794224648959332,1d,2022-12-05T00:15:01Z
0.1914810900836601,2022-12-05T00:15:02Z,1.0794224648959339,2022-12-06T00:19:59Z,1.0799424854810313,1d,2022-12-06T00:24:59Z
4.4332315596307126e-11,2022-12-06T00:25:00Z,1.0799424854810313,2022-12-07T00:25:00Z,1.0799424854811626,1d,2022-12-07T00:30:00Z
0.18310884732038857,2022-12-07T00:30:01Z,1.0799424854811628,2022-12-08T00:30:01Z,1.0804401002740427,1d,2022-12-08T00:34:58Z
1.017652628831911e-11,2022-12-08T00:34:59Z,1.0804401002740431,2022-12-09T00:39:59Z,1.0804401002740733,1d,2022-12-09T00:44:59Z
0.1727546417943271,2022-12-09T00:45:00Z,1.0804401002740733,2022-12-10T00:45:00Z,1.080911912682,1d,2022-12-10T00:49:57Z
1.6127987834124724e-11,2022-12-10T00:49:58Z,1.080911912682,2022-12-11T00:49:59Z,1.0809119126820477,1d,2022-12-11T00:54:57Z
0.17297184569880608,2022-12-11T00:54:58Z,1.0809119126820481,2022-12-12T00:54:58Z,1.0813844797887546,1d,2022-12-12T00:59:59Z
4.92694773868152e-12,2022-12-12T01:00:00Z,1.0813844797887546,2022-12-13T01:04:57Z,1.0813844797887693,1d,2022-12-13T01:09:57Z
1.0419221041502169e-11,2022-12-13T01:09:58Z,1.0813844797887693,2022-12-14T01:14:54Z,1.0813844797888004,1d,2022-12-14T01:19:58Z
0.173933468776738,2022-12-14T01:19:59Z,1.0813844797888004,2022-12-15T01:20:00Z,1.081859687940477,1d,2022-12-15T01:24:58Z
6.7268413062038235e-12,2022-12-15T01:24:59Z,1.081859687940477,2022-12-16T01:25:00Z,1.081859687940497,1d,2022-12-16T01:29:59Z
0.17549522011638152,2022-12-16T01:30:00Z,1.0818596879404971,2022-12-17T01:30:00Z,1.082339041713068,1d,2022-12-17T01:34:59Z
3.104072554549475e-11,2022-12-17T01:35:00Z,1.08233904171308,2022-12-18T01:35:00Z,1.082339041713172,1d,2022-12-18T01:39:58Z
0.17753718873799684,2022-12-18T01:39:59Z,1.082339041713172,2022-12-19T01:39:59Z,1.0828237567873873,1d,2022-12-19T01:45:00Z
1.0015099860538612e-11,2022-12-19T01:45:01Z,1.0828237567873873,2022-12-20T01:49:59Z,1.082823756787417,1d,2022-12-20T01:54:59Z
0.18174236409182232,2022-12-20T01:55:00Z,1.082823756787417,2022-12-21T01:55:00Z,1.0833192692040166,1d,2022-12-21T01:59:57Z
1.4912071577555253e-11,2022-12-21T01:59:58Z,1.0833192692040166,2022-12-22T02:00:00Z,1.0833192692040607,1d,2022-12-22T02:04:58Z
3.2011726602831914e-11,2022-12-22T02:04:59Z,1.083319269204061,2022-12-23T02:05:03Z,1.083319269204156,1d,2022-12-23T02:09:58Z
0.1803544640377448,2022-12-23T02:09:59Z,1.083319269204156,2022-12-24T02:10:00Z,1.0838115246603734,1d,2022-12-24T02:14:58Z
9.85345138815319e-12,2022-12-24T02:14:59Z,1.0838115246603734,2022-12-25T02:19:59Z,1.0838115246604028,1d,2022-12-25T02:24:58Z
0.1704819133202482,2022-12-25T02:24:59Z,1.0838115246604028,2022-12-26T02:24:59Z,1.0842790468205363,1d,2022-12-26T02:29:59Z
7.1882499952380385e-12,2022-12-26T02:30:00Z,1.0842790468205368,2022-12-27T02:34:58Z,1.084279046820558,1d,2022-12-27T02:39:57Z
0.19264987183456195,2022-12-27T02:39:58Z,1.084279046820558,2022-12-28T02:39:59Z,1.0848025372792363,1d,2022-12-28T02:44:58Z
3.590350239335294e-11,2022-12-28T02:44:59Z,1.0848025372792363,2022-12-29T02:44:59Z,1.084802537279343,1d,2022-12-29T02:49:58Z
0.16832964262311956,2022-12-29T02:49:59Z,1.084802537279343,2022-12-30T02:49:59Z,1.0852650145565725,1d,2022-12-30T02:54:58Z
2.4229507289419416e-12,2022-12-30T02:54:59Z,1.0852650145565725,2022-12-31T02:59:58Z,1.0852650145565799,1d,2022-12-31T03:04:59Z
1.3731238368563936e-12,2022-12-31T03:05:00Z,1.0852650145565799,2023-01-01T03:09:58Z,1.0852650145565839,1d,2023-01-01T03:14:56Z
0.16556915158023444,2023-01-01T03:14:57Z,1.0852650145565839,2023-01-02T03:14:59Z,1.085720662975893,1d,2023-01-02T03:19:58Z
6.461498003318411e-13,2023-01-02T03:19:59Z,1.085720662975893,2023-01-03T03:24:58Z,1.085720662975895,1d,2023-01-03T03:29:59Z
0.16975806302011853,2023-01-03T03:30:00Z,1.085720662975895,2023-01-04T03:30:00Z,1.0861871677766994,1d,2023-01-04T03:34:58Z
1.3777867735598193e-12,2023-01-04T03:34:59Z,1.0861871677766994,2023-01-05T03:35:00Z,1.0861871677767037,1d,2023-01-05T03:39:58Z
2.107203300738547e-12,2023-01-05T03:39:59Z,1.0861871677767037,2023-01-06T03:40:00Z,1.0861871677767099,1d,2023-01-06T03:44:57Z
0.1682598052043156,2023-01-06T03:44:58Z,1.0861871677767099,2023-01-07T03:49:58Z,1.0866516649900708,1d,2023-01-07T03:54:57Z
5.186961971048731e-12,2023-01-07T03:54:58Z,1.0866516649900708,2023-01-08T03:54:58Z,1.0866516649900864,1d,2023-01-08T03:59:58Z
0.16533022259484098,2023-01-08T03:59:59Z,1.0866516649900864,2023-01-09T03:59:59Z,1.087107274434163,1d,2023-01-09T04:04:56Z
4.434053124668935e-11,2023-01-09T04:04:57Z,1.087107274434163,2023-01-10T04:09:57Z,1.0871072744342956,1d,2023-01-10T04:14:59Z
1.719802078525845e-10,2023-01-10T04:15:00Z,1.0871072744342993,2023-01-11T04:15:00Z,1.0871072744348116,1d,2023-01-11T04:20:00Z
0.16701894109954085,2023-01-11T04:20:01Z,1.0871072744348158,2023-01-12T04:24:58Z,1.087568971643716,1d,2023-01-12T04:29:57Z
4.0523140398818214e-13,2023-01-12T04:29:58Z,1.087568971643716,2023-01-13T04:30:00Z,1.0875689716437171,1d,2023-01-13T04:34:58Z
0.16825196553648092,2023-01-13T04:34:59Z,1.0875689716437171,2023-01-14T04:35:00Z,1.0880324354891326,1d,2023-01-14T04:39:58Z
6.7268413062038235e-12,2023-01-14T04:39:59Z,1.0880324354891326,2023-01-15T04:40:00Z,1.0880324354891526,1d,2023-01-15T04:44:57Z
6.235123528597342e-11,2023-01-15T04:44:58Z,1.0880324354891526,2023-01-16T04:49:58Z,1.0880324354893391,1d,2023-01-16T04:54:59Z
0.17042952835348424,2023-01-16T04:55:00Z,1.0880324354893391,2023-01-17T04:59:57Z,1.088503258202598,1d,2023-01-17T05:04:57Z
3.35178551580384e-11,2023-01-17T05:04:58Z,1.088503258202598,2023-01-18T05:09:58Z,1.0885032582026983,1d,2023-01-18T05:14:58Z
0.16942103318783874,2023-01-18T05:14:59Z,1.0885032582026983,2023-01-19T05:15:00Z,1.0889701042916327,1d,2023-01-19T05:19:49Z
2.337130489138417e-10,2023-01-19T05:19:50Z,1.0889701042916367,2023-01-20T05:19:59Z,1.088970104292334,1d,2023-01-20T05:24:58Z
1.1565925994716508e-10,2023-01-20T05:24:59Z,1.088970104292334,2023-01-21T05:29:57Z,1.0889701042926803,1d,2023-01-21T05:34:58Z
0.17013048456699753,2023-01-21T05:34:59Z,1.0889701042926803,2023-01-22T05:39:57Z,1.0894405728642522,1d,2023-01-22T05:44:58Z
2.045037472697686e-10,2023-01-22T05:44:59Z,1.089440572864254,2023-01-23T05:49:57Z,1.0894405728648666,1d,2023-01-23T05:54:57Z
0.1729804002548656,2023-01-23T05:54:58Z,1.0894405728648704,2023-01-24T05:59:58Z,1.0899185446626787,1d,2023-01-24T06:04:57Z
3.339668541713081e-10,2023-01-24T06:04:58Z,1.0899185446626787,2023-01-25T06:09:58Z,1.0899185446636794,1d,2023-01-25T06:14:51Z
3.089923872323652e-10,2023-01-25T06:14:52Z,1.089918544663684,2023-01-26T06:19:57Z,1.08991854466461,1d,2023-01-26T06:24:58Z
0.16681718292991277,2023-01-26T06:24:59Z,1.0899185446646147,2023-01-27T06:24:59Z,1.0903793332478666,1d,2023-01-27T06:29:56Z
1.65335301005598e-10,2023-01-27T06:29:57Z,1.0903793332478666,2023-01-28T06:34:53Z,1.0903793332483622,1d,2023-01-28T06:39:55Z
1.913458280711211e-10,2023-01-28T06:39:56Z,1.0903793332483622,2023-01-29T06:39:58Z,1.0903793332489338,1d,2023-01-29T06:44:58Z
0.16976174922518283,2023-01-29T06:44:59Z,1.0903793332489338,2023-01-30T06:45:00Z,1.0908478545960432,1d,2023-01-30T06:49:55Z
3.168443285517242e-10,2023-01-30T06:49:56Z,1.090847854596047,2023-01-31T06:54:56Z,1.090847854596997,1d,2023-01-31T06:59:57Z
0.16882743926386423,2023-01-31T06:59:58Z,1.090847854596997,2023-02-01T06:59:59Z,1.0913141881879982,1d,2023-02-01T07:04:56Z
2.257871667410427e-10,2023-02-01T07:04:57Z,1.0913141881879982,2023-02-02T07:05:00Z,1.0913141881886732,1d,2023-02-02T07:09:58Z
1.175968211697409e-10,2023-02-02T07:09:59Z,1.0913141881886732,2023-02-03T07:10:00Z,1.0913141881890247,1d,2023-02-03T07:14:58Z
0.1710461007815136,2023-02-03T07:14:59Z,1.091314188189025,2023-02-04T07:15:00Z,1.0917863936751298,1d,2023-02-04T07:19:58Z
2.6729063407060494e-10,2023-02-04T07:19:59Z,1.0917863936751298,2023-02-05T07:19:59Z,1.0917863936759293,1d,2023-02-05T07:24:58Z
0.16574364340697212,2023-02-05T07:24:59Z,1.0917863936759329,2023-02-06T07:29:58Z,1.0922468055975123,1d,2023-02-06T07:34:57Z
2.358420125858629e-10,2023-02-06T07:34:58Z,1.0922468055975165,2023-02-07T07:34:59Z,1.0922468055982222,1d,2023-02-07T07:39:57Z
1.0774048320172369e-10,2023-02-07T07:39:58Z,1.0922468055982262,2023-02-08T07:44:59Z,1.0922468055985497,1d,2023-02-08T07:49:57Z
0.17032537909439482,2023-02-08T07:49:58Z,1.0922468055985497,2023-02-09T07:49:59Z,1.0927175715278974,1d,2023-02-09T07:54:54Z
3.030193873598819e-10,2023-02-09T07:54:55Z,1.0927175715278974,2023-02-10T07:59:59Z,1.0927175715288078,1d,2023-02-10T08:04:58Z
0.16759560295519882,2023-02-10T08:04:59Z,1.092717571528812,2023-02-11T08:04:59Z,1.093181540867775,1d,2023-02-11T08:09:56Z
1.383444470093309e-10,2023-02-11T08:09:57Z,1.0931815408677799,2023-02-12T08:09:58Z,1.0931815408681942,1d,2023-02-12T08:14:58Z
1.13464793116691e-12,2023-02-12T08:14:59Z,1.0931815408681942,2023-02-13T08:15:00Z,1.0931815408681975,1d,2023-02-13T08:19:57Z
0.1690975340255929,2023-02-13T08:19:58Z,1.0931815408681975,2023-02-14T08:19:58Z,1.0936495590020496,1d,2023-02-14T08:24:58Z
1.626581092040169e-10,2023-02-14T08:24:59Z,1.0936495590020525,2023-02-15T08:25:00Z,1.09364955900254,1d,2023-02-15T08:29:58Z
0.17038802371508588,2023-02-15T08:29:59Z,1.09364955900254,2023-02-16T08:30:00Z,1.0941210899795415,1d,2023-02-16T08:34:58Z
1.56174406740206e-10,2023-02-16T08:34:59Z,1.0941210899795455,2023-02-17T08:35:00Z,1.0941210899800136,1d,2023-02-17T08:39:57Z
2.173661250992609e-10,2023-02-17T08:39:58Z,1.0941210899800171,2023-02-18T08:39:58Z,1.0941210899806686,1d,2023-02-18T08:44:57Z
0.17025425698969165,2023-02-18T08:44:58Z,1.0941210899806717,2023-02-19T08:45:00Z,1.0945924869431054,1d,2023-02-19T08:49:57Z
1.5382228824023514e-10,2023-02-19T08:49:58Z,1.094592486943109,2023-02-20T08:50:00Z,1.0945924869435701,1d,2023-02-20T08:54:58Z
0.16803975977420738,2023-02-20T08:54:59Z,1.0945924869435746,2023-02-21T08:55:00Z,1.0950583988198237,1d,2023-02-21T08:59:58Z
3.628441991310183e-10,2023-02-21T08:59:59Z,1.0950583988198286,2023-02-22T08:59:59Z,1.0950583988209173,1d,2023-02-22T09:04:56Z
3.6689229432340653e-10,2023-02-22T09:04:57Z,1.0950583988209248,2023-02-23T09:04:58Z,1.0950583988220255,1d,2023-02-23T09:09:58Z
0.16126951146216473,2023-02-23T09:09:59Z,1.0950583988220293,2023-02-24T09:10:00Z,1.0955070612617492,1d,2023-02-24T09:14:58Z
2.65217181549815e-10,2023-02-24T09:14:59Z,1.0955070612617492,2023-02-25T09:19:12Z,1.0955070612625475,1d,2023-02-25T09:22:41Z
6.035705268914171e-11,2023-02-25T09:22:42Z,1.0955070612625475,2023-02-26T20:40:00Z,1.095507061262814,1d,2023-02-26T20:44:58Z
0.15830512392281748,2023-02-26T20:44:59Z,1.095507061262818,2023-02-27T20:45:00Z,1.0959482328410834,1d,2023-02-27T20:49:58Z
5.0248694094534585e-12,2023-02-27T20:49:59Z,1.0959482328410834,2023-02-28T20:50:00Z,1.0959482328410985,1d,2023-02-28T20:54:59Z
0.15956235642491268,2023-02-28T20:55:00Z,1.0959482328410985,2023-03-01T20:55:01Z,1.096392840711231,1d,2023-03-01T20:59:56Z
1.381759151541928e-10,2023-03-01T20:59:57Z,1.0963928407112349,2023-03-02T21:00:02Z,1.0963928407116499,1d,2023-03-02T21:04:58Z
0.16132113569840256,2023-03-02T21:04:59Z,1.0963928407116499,2023-03-03T21:09:59Z,1.0968437387998142,1d,2023-03-03T21:14:58Z
2.4062640768818255e-10,2023-03-03T21:14:59Z,1.096843738799815,2023-03-04T21:14:59Z,1.096843738800538,1d,2023-03-04T21:19:59Z
2.743416604999993e-10,2023-03-04T21:20:00Z,1.0968437388005428,2023-03-05T21:20:00Z,1.0968437388013672,1d,2023-03-05T21:24:58Z
0.15573270640533998,2023-03-05T21:24:59Z,1.0968437388013712,2023-03-06T21:29:59Z,1.0972802705007374,1d,2023-03-06T21:34:59Z
1.0112000126127896e-10,2023-03-06T21:35:00Z,1.0972802705007405,2023-03-07T21:39:59Z,1.0972802705010456,1d,2023-03-07T21:44:57Z
0.16739127333605341,2023-03-07T21:44:58Z,1.0972802705010456,2023-03-08T21:44:59Z,1.0977456561919752,1d,2023-03-08T21:49:57Z
4.2869530147982005e-10,2023-03-08T21:49:58Z,1.0977456561919794,2023-03-09T21:55:00Z,1.0977456561932732,1d,2023-03-09T21:59:56Z
0.16716833956218013,2023-03-09T21:59:57Z,1.0977456561932744,2023-03-10T21:59:59Z,1.098210670005812,1d,2023-03-10T22:04:56Z
1.684932193768418e-10,2023-03-10T22:04:57Z,1.0982106700058163,2023-03-11T22:04:58Z,1.0982106700063232,1d,2023-03-11T22:09:58Z
1.9384494009955233e-12,2023-03-11T22:09:59Z,1.0982106700063232,2023-03-12T22:14:57Z,1.098210670006329,1d,2023-03-12T22:19:58Z
0.16977801317843655,2023-03-12T22:19:59Z,1.098210670006329,2023-03-13T22:19:59Z,1.098682592761773,1d,2023-03-13T22:24:59Z
6.461498003318411e-13,2023-03-13T22:25:00Z,1.098682592761773,2023-03-14T22:29:58Z,1.098682592761775,1d,2023-03-14T22:34:57Z
0.16379935687549052,2023-03-14T22:34:58Z,1.098682592761775,2023-03-15T22:34:59Z,1.0991392932675599,1d,2023-03-15T22:39:58Z
2.0099477637813834e-10,2023-03-15T22:39:59Z,1.0991392932675599,2023-03-16T22:39:59Z,1.0991392932681652,1d,2023-03-16T22:44:57Z
2.2976354152604017e-10,2023-03-16T22:44:58Z,1.0991392932681694,2023-03-17T22:44:59Z,1.0991392932688613,1d,2023-03-17T22:49:57Z
0.16529345887079971,2023-03-17T22:49:58Z,1.0991392932688637,2023-03-18T22:49:59Z,1.0996000487953514,1d,2023-03-18T22:54:58Z
1.6653922685350153e-10,2023-03-18T22:54:59Z,1.0996000487953543,2023-03-19T22:59:59Z,1.0996000487958577,1d,2023-03-19T23:04:58Z
0.16606239829068037,2023-03-19T23:04:59Z,1.0996000487958577,2023-03-20T23:04:59Z,1.1000629802317476,1d,2023-03-20T23:09:57Z
2.591800107865083e-10,2023-03-20T23:09:58Z,1.1000629802317505,2023-03-21T23:10:00Z,1.1000629802325317,1d,2023-03-21T23:14:58Z
0.16613675534061834,2023-03-21T23:14:59Z,1.100062980232532,2023-03-22T23:14:59Z,1.100526298824736,1d,2023-03-22T23:19:58Z
1.7927237472292745e-10,2023-03-22T23:19:59Z,1.1005262988247386,2023-03-23T23:20:00Z,1.100526298825279,1d,2023-03-23T23:24:58Z
0.16426719077871144,2023-03-23T23:24:59Z,1.100526298825279,2023-03-24T23:29:57Z,1.100986555070805,1d,2023-03-24T23:34:58Z
1.206765798400511e-10,2023-03-24T23:34:59Z,1.100986555070805,2023-03-25T23:35:00Z,1.1009865550711688,1d,2023-03-25T23:39:57Z
3.2144442663195605e-10,2023-03-25T23:39:58Z,1.1009865550711744,2023-03-26T23:44:59Z,1.1009865550721474,1d,2023-03-26T23:49:56Z
0.16304237365171326,2023-03-26T23:49:57Z,1.1009865550721523,2023-03-27T23:49:59Z,1.1014422550970957,1d,2023-03-27T23:54:59Z
3.1875124761882034e-10,2023-03-27T23:55:00Z,1.1014422550971,2023-03-28T23:55:01Z,1.1014422550980618,1d,2023-03-28T23:59:58Z
0.16513787893255238,2023-03-28T23:59:59Z,1.1014422550980618,2023-03-30T00:00:01Z,1.101903578267842,1d,2023-03-30T00:04:58Z
3.90911303327357e-10,2023-03-30T00:04:59Z,1.101903578267842,2023-03-31T00:09:58Z,1.101903578269026,1d,2023-03-31T00:14:58Z
0.1537700433416862,2023-03-31T00:14:59Z,1.101903578269026,2023-04-01T00:14:59Z,1.1023354728744974,1d,2023-04-01T00:19:57Z
3.241851231905457e-13,2023-04-01T00:19:58Z,1.1023354728744974,2023-04-02T00:20:00Z,1.1023354728744983,1d,2023-04-02T00:24:58Z
0.1578061909382822,2023-04-02T00:24:59Z,1.1023354728744983,2023-04-03T00:24:59Z,1.1027780874907875,1d,2023-04-03T00:30:00Z
4.0523140398818214e-13,2023-04-03T00:30:01Z,1.1027780874907875,2023-04-04T00:30:01Z,1.1027780874907889,1d,2023-04-04T00:34:57Z
5.67323965583455e-13,2023-04-04T00:34:58Z,1.1027780874907889,2023-04-05T00:34:59Z,1.1027780874907906,1d,2023-04-05T00:39:58Z
0.15653730439736724,2023-04-05T00:39:59Z,1.1027780874907906,2023-04-06T00:39:59Z,1.1032175655112384,1d,2023-04-06T00:44:59Z
1.5236256700745798e-11,2023-04-06T00:45:00Z,1.1032175655112384,2023-04-07T00:45:02Z,1.1032175655112844,1d,2023-04-07T00:50:00Z
0.15551147546750932,2023-04-07T00:50:01Z,1.1032175655112844,2023-04-08T00:50:01Z,1.1036545354983633,1d,2023-04-08T00:54:59Z
2.8913538230312952e-11,2023-04-08T00:55:00Z,1.1036545354983633,2023-04-09T01:00:02Z,1.103654535498451,1d,2023-04-09T01:04:59Z
0.1559195181716242,2023-04-09T01:05:00Z,1.103654535498451,2023-04-10T01:05:02Z,1.1040927566993433,1d,2023-04-10T01:09:59Z
2.1395996085971092e-11,2023-04-10T01:10:00Z,1.1040927566993433,2023-04-11T01:10:01Z,1.104092756699408,1d,2023-04-11T01:15:01Z
1.3245848862197818e-11,2023-04-11T01:15:02Z,1.104092756699408,2023-04-12T01:20:00Z,1.1040927566994483,1d,2023-04-12T01:24:59Z
0.158945395060772,2023-04-12T01:25:00Z,1.1040927566994505,2023-04-13T01:29:59Z,1.1045405977422758,1d,2023-04-13T01:34:59Z
2.6031132804860135e-10,2023-04-13T01:35:00Z,1.104540597742279,2023-04-14T01:39:59Z,1.1045405977430696,1d,2023-04-14T01:44:59Z
0.15694182686091596,2023-04-14T01:45:00Z,1.1045405977430731,2023-04-15T01:45:00Z,1.1049818368481072,1d,2023-04-15T01:49:59Z
2.6704749522821203e-10,2023-04-15T01:50:00Z,1.104981836848111,2023-04-16T01:50:00Z,1.1049818368489195,1d,2023-04-16T01:54:58Z
0.15633495928500785,2023-04-16T01:54:59Z,1.1049818368489195,2023-04-17T01:54:59Z,1.1054216631902778,1d,2023-04-17T02:00:02Z
7.918132816087109e-11,2023-04-17T02:00:03Z,1.1054216631902778,2023-04-18T02:00:04Z,1.1054216631905176,1d,2023-04-18T02:04:59Z
0.1571580260816421,2023-04-18T02:05:00Z,1.1054216631905196,2023-04-19T02:05:01Z,1.1058638255028215,1d,2023-04-19T02:09:59Z
3.3228975127030935e-12,2023-04-19T02:10:00Z,1.1058638255028215,2023-04-20T02:10:00Z,1.1058638255028315,1d,2023-04-20T02:15:01Z
5.653255641391297e-13,2023-04-20T02:15:02Z,1.1058638255028315,2023-04-21T02:20:00Z,1.1058638255028332,1d,2023-04-21T02:24:58Z
0.15653514668323187,2023-04-21T02:24:59Z,1.1058638255028332,2023-04-22T02:30:00Z,1.1063060632169766,1d,2023-04-22T02:34:59Z
4.862776847858186e-13,2023-04-22T02:35:00Z,1.1063060632169766,2023-04-23T02:35:01Z,1.106306063216978,1d,2023-04-23T02:39:58Z
0.16162407760768183,2023-04-23T02:39:59Z,1.106306063216978,2023-04-24T02:40:00Z,1.106760259685109,1d,2023-04-24T02:44:58Z
3.241851231905457e-13,2023-04-24T02:44:59Z,1.106760259685109,2023-04-25T02:45:02Z,1.1067602596851098,1d,2023-04-25T02:49:59Z
0.16048082813277453,2023-04-25T02:50:00Z,1.1067602596851098,2023-04-26T02:50:00Z,1.1072116504171603,1d,2023-04-26T02:54:58Z
1.0859979582278356e-11,2023-04-26T02:54:59Z,1.1072116504171603,2023-04-27T02:55:00Z,1.1072116504171932,1d,2023-04-27T03:00:02Z
2.3097745938116532e-11,2023-04-27T03:00:03Z,1.1072116504171932,2023-04-28T03:00:05Z,1.1072116504172633,1d,2023-04-28T03:04:59Z
0.16049506997808205,2023-04-28T03:05:00Z,1.1072116504172638,2023-04-29T03:05:00Z,1.1076632624910814,1d,2023-04-29T03:09:59Z
4.3683501260716184e-11,2023-04-29T03:10:00Z,1.1076632624910814,2023-04-30T03:10:01Z,1.107663262491214,1d,2023-04-30T03:14:59Z
0.15715188573520433,2023-04-30T03:15:00Z,1.1076632624912142,2023-05-01T03:15:01Z,1.1081063053203755,1d,2023-05-01T03:19:59Z
4.498068584268822e-11,2023-05-01T03:20:00Z,1.1081063053203755,2023-05-02T03:20:00Z,1.108106305320512,1d,2023-05-02T03:24:57Z
0.1610321327708435,2023-05-02T03:24:58Z,1.1081063053205122,2023-05-03T03:25:00Z,1.1085596980347885,1d,2023-05-03T03:30:00Z
1.5966117317134376e-11,2023-05-03T03:30:01Z,1.1085596980347885,2023-05-04T03:30:01Z,1.108559698034837,1d,2023-05-04T03:34:55Z
2.2287283130140167e-11,2023-05-04T03:34:56Z,1.108559698034837,2023-05-05T03:34:58Z,1.1085596980349046,1d,2023-05-05T03:39:59Z
0.16269099923399133,2023-05-05T03:40:00Z,1.1085596980349055,2023-05-06T03:40:00Z,1.1090176038807185,1d,2023-05-06T03:45:01Z
3.416511518139487e-11,2023-05-06T03:45:02Z,1.109017603880719,2023-05-07T03:49:59Z,1.109017603880823,1d,2023-05-07T03:54:59Z
0.16289972476612102,2023-05-07T03:55:00Z,1.1090176038808233,2023-05-08T03:55:00Z,1.109476244499798,1d,2023-05-08T03:59:59Z
1.744560051974986e-11,2023-05-08T04:00:00Z,1.1094762444998028,2023-05-09T04:04:59Z,1.109476244499856,1d,2023-05-09T04:09:58Z
8.318679078911373e-12,2023-05-09T04:09:59Z,1.109476244499856,2023-05-10T04:15:00Z,1.1094762444998814,1d,2023-05-10T04:19:58Z
0.15732621723146734,2023-05-10T04:19:59Z,1.1094762444998854,2023-05-11T04:20:00Z,1.1099204705812862,1d,2023-05-11T04:24:59Z
5.104405786937605e-11,2023-05-11T04:25:00Z,1.10992047058129,2023-05-12T04:30:00Z,1.1099204705814456,1d,2023-05-12T04:34:58Z
0.15495100909872983,2023-05-12T04:34:59Z,1.1099204705814463,2023-05-13T04:35:00Z,1.110358624692382,1d,2023-05-13T04:39:59Z
2.9236901788465275e-10,2023-05-13T04:40:00Z,1.1103586246923867,2023-05-14T04:45:01Z,1.1103586246932793,1d,2023-05-14T04:49:57Z
0.16167325168521463,2023-05-14T04:49:58Z,1.1103586246932793,2023-05-15T04:50:00Z,1.1108146190578547,1d,2023-05-15T04:54:59Z
3.408806570348588e-10,2023-05-15T04:55:00Z,1.1108146190578572,2023-05-16T04:55:00Z,1.1108146190588946,1d,2023-05-16T05:00:00Z
3.106326307289464e-10,2023-05-16T05:00:01Z,1.110814619058899,2023-05-17T05:04:59Z,1.1108146190598476,1d,2023-05-17T05:09:58Z
0.1564297396396339,2023-05-17T05:09:59Z,1.1108146190598513,2023-05-18T05:10:00Z,1.11125702173891,1d,2023-05-18T05:15:00Z
2.4443269630580744e-10,2023-05-18T05:15:01Z,1.1112570217389133,2023-05-19T05:15:02Z,1.1112570217396573,1d,2023-05-19T05:19:58Z
0.1599901744094736,2023-05-19T05:19:59Z,1.1112570217396578,2023-05-20T05:24:59Z,1.1117105279807027,1d,2023-05-20T05:30:00Z
3.104072554549475e-11,2023-05-20T05:30:01Z,1.1117105279807027,2023-05-21T05:30:01Z,1.1117105279807973,1d,2023-05-21T05:34:57Z
0.15658042702281771,2023-05-21T05:34:58Z,1.1117105279807973,2023-05-22T05:34:59Z,1.1121536844867028,1d,2023-05-22T05:39:59Z
1.4101830814183813e-11,2023-05-22T05:40:00Z,1.112153684486703,2023-05-23T05:40:01Z,1.1121536844867461,1d,2023-05-23T05:44:58Z
9.683831514450958e-11,2023-05-23T05:44:59Z,1.1121536844867461,2023-05-24T05:49:59Z,1.1121536844870423,1d,2023-05-24T05:54:59Z
0.16116666688871617,2023-05-24T05:55:00Z,1.1121536844870423,2023-05-25T05:55:00Z,1.1126090758848053,1d,2023-05-25T05:59:58Z
1.8373191856824178e-10,2023-05-25T05:59:59Z,1.1126090758848053,2023-05-26T05:59:59Z,1.1126090758853653,1d,2023-05-26T06:04:59Z
0.15896011303754087,2023-05-26T06:05:00Z,1.1126090758853682,2023-05-27T06:05:00Z,1.1130588533327628,1d,2023-05-27T06:09:58Z
3.4201130816313707e-10,2023-05-27T06:09:59Z,1.1130588533327657,2023-05-28T06:10:00Z,1.1130588533338086,1d,2023-05-28T06:15:00Z
0.15400075657750567,2023-05-28T06:15:01Z,1.113058853333813,2023-05-29T06:19:59Z,1.1134972373679894,1d,2023-05-29T06:24:58Z
3.540872040019849e-10,2023-05-29T06:24:59Z,1.1134972373679934,2023-05-30T06:25:00Z,1.1134972373690737,1d,2023-05-30T06:29:59Z
1.9110490967477745e-10,2023-05-30T06:30:00Z,1.1134972373690784,2023-05-31T06:30:01Z,1.1134972373696614,1d,2023-05-31T06:34:59Z
0.15492940409065215,2023-05-31T06:35:00Z,1.1134972373696617,2023-06-01T06:35:00Z,1.113936741272344,1d,2023-06-01T06:39:59Z
5.373368416883295e-11,2023-06-01T06:40:00Z,1.1139367412723442,2023-06-02T06:40:00Z,1.113936741272508,1d,2023-06-02T06:45:01Z
0.15893848588811976,2023-06-02T06:45:02Z,1.113936741272508,2023-06-03T06:49:59Z,1.1143885465336243,1d,2023-06-03T06:54:58Z
3.355316025022148e-11,2023-06-03T06:54:59Z,1.1143885465336243,2023-06-04T06:54:59Z,1.1143885465337267,1d,2023-06-04T06:59:59Z
0.20802052595084009,2023-06-04T07:00:00Z,1.1143885465337269,2023-06-05T07:00:00Z,1.1149656838543993,1d,2023-06-05T07:04:58Z
2.350319938670964e-11,2023-06-05T07:04:59Z,1.1149656838543995,2023-06-06T07:05:00Z,1.1149656838544713,1d,2023-06-06T07:09:59Z
9.67692592723779e-11,2023-06-06T07:10:00Z,1.1149656838544744,2023-06-07T07:10:00Z,1.11496568385477,1d,2023-06-07T07:14:59Z
0.1549412730916062,2023-06-07T07:15:00Z,1.11496568385477,2023-06-08T07:15:00Z,1.1154057987667443,1d,2023-06-08T07:19:58Z
1.0130785099704553e-11,2023-06-08T07:19:59Z,1.1154057987667443,2023-06-09T07:19:59Z,1.1154057987667751,1d,2023-06-09T07:24:59Z
0.17295332538153363,2023-06-09T07:25:00Z,1.1154057987667751,2023-06-10T07:30:00Z,1.1158950915111525,1d,2023-06-10T07:34:58Z
1.8559376258053817e-11,2023-06-10T07:34:59Z,1.1158950915111525,2023-06-11T07:35:00Z,1.1158950915112094,1d,2023-06-11T07:39:58Z
1.5022427746202993e-11,2023-06-11T07:39:59Z,1.1158950915112094,2023-06-12T07:44:59Z,1.1158950915112555,1d,2023-06-12T07:49:58Z
0.15565923742321552,2023-06-12T07:49:59Z,1.1158950915112555,2023-06-13T07:50:00Z,1.1163374790988487,1d,2023-06-13T07:55:00Z
6.3806737671257e-12,2023-06-13T07:55:01Z,1.1163374790988487,2023-06-14T07:59:59Z,1.1163374790988683,1d,2023-06-14T08:04:59Z
0.15078791076158882,2023-06-14T08:05:00Z,1.1163374790988683,2023-06-15T08:10:00Z,1.1167686047266896,1d,2023-06-15T08:14:58Z
2.431388423929093e-13,2023-06-15T08:14:59Z,1.1167686047266896,2023-06-16T08:15:01Z,1.1167686047266903,1d,2023-06-16T08:19:59Z
0.159816484344675,2023-06-16T08:20:00Z,1.1167686047266903,2023-06-17T08:20:01Z,1.117222329826052,1d,2023-06-17T08:25:00Z
2.4225066397320916e-13,2023-06-17T08:25:01Z,1.117222329826052,2023-06-18T08:30:00Z,1.1172223298260526,1d,2023-06-18T08:34:58Z
3.241851231905457e-13,2023-06-18T08:34:59Z,1.1172223298260526,2023-06-19T08:34:59Z,1.1172223298260535,1d,2023-06-19T08:39:59Z
0.15755755719556874,2023-06-19T08:40:00Z,1.1172223298260535,2023-06-20T08:40:00Z,1.1176702642335987,1d,2023-06-20T08:45:00Z
1.928901482983747e-11,2023-06-20T08:45:01Z,1.117670264233599,2023-06-21T08:45:01Z,1.117670264233658,1d,2023-06-21T08:49:59Z
0.15548182495759355,2023-06-21T08:50:00Z,1.117670264233658,2023-06-22T08:54:58Z,1.1181144070570899,1d,2023-06-22T09:00:00Z
2.293565337652126e-11,2023-06-22T09:00:01Z,1.1181144070570899,2023-06-23T09:00:03Z,1.11811440705716,1d,2023-06-23T09:04:59Z
0.15785865621411022,2023-06-23T09:05:00Z,1.11811440705716,2023-06-24T09:05:00Z,1.118563496166301,1d,2023-06-24T09:09:58Z
1.7606804902925433e-11,2023-06-24T09:09:59Z,1.118563496166301,2023-06-25T09:15:00Z,1.118563496166355,1d,2023-06-25T09:19:59Z
0.16241761302752233,2023-06-25T09:20:00Z,1.118563496166355,2023-06-26T09:20:00Z,1.1190248132600893,1d,2023-06-26T09:24:58Z
3.241851231905457e-13,2023-06-26T09:24:59Z,1.1190248132600893,2023-06-27T09:25:00Z,1.1190248132600902,1d,2023-06-27T09:30:00Z
2.776645580127024e-10,2023-06-27T09:30:01Z,1.1190248132600902,2023-06-28T09:30:01Z,1.1190248132609415,1d,2023-06-28T09:34:59Z
0.1594058435451271,2023-06-28T09:35:00Z,1.1190248132609415,2023-06-29T09:39:59Z,1.1194799335485095,1d,2023-06-29T09:44:58Z
1.0536016503692736e-12,2023-06-29T09:44:59Z,1.1194799335485095,2023-06-30T09:45:00Z,1.1194799335485128,1d,2023-06-30T09:49:58Z
0.16251352624883042,2023-06-30T09:49:59Z,1.1194799335485128,2023-07-01T09:50:01Z,1.119941892457515,1d,2023-07-01T09:54:59Z
2.431388423929093e-13,2023-07-01T09:55:00Z,1.119941892457515,2023-07-02T09:55:00Z,1.1199418924575157,1d,2023-07-02T09:59:59Z
0.16027058708701714,2023-07-02T10:00:00Z,1.1199418924575157,2023-07-03T10:00:00Z,1.1203981031429586,1d,2023-07-03T10:04:58Z
3.241851231905457e-13,2023-07-03T10:04:59Z,1.1203981031429586,2023-07-04T10:04:59Z,1.1203981031429597,1d,2023-07-04T10:09:58Z
0.15661844088673393,2023-07-04T10:09:59Z,1.1203981031429597,2023-07-05T10:09:59Z,1.1208448184983377,1d,2023-07-05T10:14:59Z
2.4225066397320916e-13,2023-07-05T10:15:00Z,1.1208448184983377,2023-07-06T10:19:58Z,1.1208448184983384,1d,2023-07-06T10:24:58Z
0.15908406259213126,2023-07-06T10:24:59Z,1.1208448184983384,2023-07-07T10:24:59Z,1.1212982538182599,1d,2023-07-07T10:29:58Z
1.7830181775480014e-11,2023-07-07T10:29:59Z,1.1212982538182599,2023-07-08T10:29:59Z,1.1212982538183147,1d,2023-07-08T10:34:58Z
1.6209256159527285e-13,2023-07-08T10:34:59Z,1.1212982538183147,2023-07-09T10:34:59Z,1.1212982538183152,1d,2023-07-09T10:39:58Z
0.16165839842616525,2023-07-09T10:39:59Z,1.1212982538183152,2023-07-10T10:40:00Z,1.1217586961667387,1d,2023-07-10T10:44:59Z
1.6142642778049776e-13,2023-07-10T10:45:00Z,1.1217586961667387,2023-07-11T10:49:59Z,1.1217586961667392,1d,2023-07-11T10:54:58Z
0.1627149951462621,2023-07-11T10:54:59Z,1.1217586961667392,2023-07-12T10:54:59Z,1.1222221174937832,1d,2023-07-12T11:00:00Z
1.2654566283742952e-9,2023-07-12T11:00:01Z,1.1222221174937985,2023-07-13T11:00:01Z,1.1222221174976892,1d,2023-07-13T11:04:58Z
0.1571805963139914,2023-07-13T11:04:59Z,1.1222221174977018,2023-07-14T11:05:00Z,1.1226710598886174,1d,2023-07-14T11:09:59Z
2.088709649683551e-9,2023-07-14T11:10:00Z,1.1226710598886354,2023-07-15T11:14:59Z,1.122671059895082,1d,2023-07-15T11:19:58Z
0.1594647871942223,2023-07-15T11:19:59Z,1.122671059895095,2023-07-16T11:19:59Z,1.123126244572564,1d,2023-07-16T11:24:58Z
1.5457957136533196e-9,2023-07-16T11:24:59Z,1.1231262445725714,2023-07-17T11:24:59Z,1.1231262445773278,1d,2023-07-17T11:29:58Z
2.3158164275116633e-9,2023-07-17T11:29:59Z,1.1231262445773467,2023-07-18T11:29:59Z,1.1231262445844725,1d,2023-07-18T11:34:57Z
0.16090598869604733,2023-07-18T11:34:58Z,1.1231262445844945,2023-07-19T11:34:59Z,1.1235854430609138,1d,2023-07-19T11:39:58Z
2.2600565863228894e-9,2023-07-19T11:39:59Z,1.1235854430609398,2023-07-20T11:39:59Z,1.1235854430678969,1d,2023-07-20T11:44:58Z
0.16081880662559556,2023-07-20T11:44:59Z,1.1235854430679235,2023-07-21T11:45:03Z,1.1240446139548068,1d,2023-07-21T11:49:58Z
9.582912241512531e-10,2023-07-21T11:49:59Z,1.124044613954821,2023-07-22T11:49:59Z,1.1240446139577722,1d,2023-07-22T11:54:58Z
0.16265420325293634,2023-07-22T11:54:59Z,1.1240446139577815,2023-07-23T11:54:59Z,1.124508818559436,1d,2023-07-23T11:59:59Z
4.23102108904061e-9,2023-07-23T12:00:00Z,1.1245088185594732,2023-07-24T12:00:00Z,1.1245088185725083,1d,2023-07-24T12:04:58Z
0.16143356197509595,2023-07-24T12:04:59Z,1.1245088185725451,2023-07-25T12:09:59Z,1.124971578921823,1d,2023-07-25T12:14:59Z
8.497702541632179e-10,2023-07-25T12:15:00Z,1.124971578921823,2023-07-26T12:15:00Z,1.124971578924442,1d,2023-07-26T12:19:58Z
0.15514448310876294,2023-07-26T12:19:59Z,1.1249715789244557,2023-07-27T12:20:07Z,1.1254162271386403,1d,2023-07-27T12:24:58Z
6.078471059822732e-12,2023-07-27T12:24:59Z,1.1254162271386403,2023-07-28T12:24:59Z,1.125416227138659,1d,2023-07-28T12:29:59Z
3.817235416647691e-11,2023-07-28T12:30:00Z,1.125416227138659,2023-07-29T12:30:01Z,1.1254162271387766,1d,2023-07-29T12:34:59Z
0.16135116064775534,2023-07-29T12:35:00Z,1.1254162271387766,2023-07-30T12:40:00Z,1.1258791412930687,1d,2023-07-30T12:44:58Z
4.36028990691284e-11,2023-07-30T12:44:59Z,1.1258791412930687,2023-07-31T12:44:59Z,1.1258791412932032,1d,2023-07-31T12:49:57Z
0.16220109444781006,2023-07-31T12:49:58Z,1.1258791412932032,2023-08-01T12:49:59Z,1.1263429060226138,1d,2023-08-01T12:54:58Z
3.2307490016592055e-13,2023-08-01T12:54:59Z,1.1263429060226138,2023-08-02T13:00:00Z,1.1263429060226149,1d,2023-08-02T13:04:57Z
0.16369333452101875,2023-08-02T13:04:58Z,1.1263429060226149,2023-08-03T13:05:00Z,1.1268108285309955,1d,2023-08-03T13:09:59Z
1.4572749673646967e-9,2023-08-03T13:10:00Z,1.1268108285310219,2023-08-04T13:14:59Z,1.1268108285355363,1d,2023-08-04T13:19:58Z
0.16005926271622606,2023-08-04T13:19:59Z,1.1268108285355511,2023-08-05T13:19:59Z,1.127269274741839,1d,2023-08-05T13:24:58Z
4.831357536261294e-10,2023-08-05T13:24:59Z,1.127269274741844,2023-08-06T13:30:00Z,1.1272692747433413,1d,2023-08-06T13:34:58Z
0.1575439111357908,2023-08-06T13:34:59Z,1.1272692747433464,2023-08-07T13:39:59Z,1.127722770411233,1d,2023-08-07T13:44:58Z
1.2292566964333673e-10,2023-08-07T13:44:59Z,1.127722770411239,2023-08-08T13:49:59Z,1.12772277041162,1d,2023-08-08T13:54:58Z
0.1599975402055116,2023-08-08T13:54:59Z,1.12772277041162,2023-08-09T13:55:00Z,1.128181428493329,1d,2023-08-09T13:59:56Z
3.241851231905457e-13,2023-08-09T13:59:57Z,1.128181428493329,2023-08-10T14:00:01Z,1.12818142849333,1d,2023-08-10T14:04:58Z
4.0389913635863195e-13,2023-08-10T14:04:59Z,1.12818142849333,2023-08-11T14:09:59Z,1.1281814284933314,1d,2023-08-11T14:15:00Z
0.15861093370234358,2023-08-11T14:15:01Z,1.1281814284933314,2023-08-12T14:19:59Z,1.128638139503646,1d,2023-08-12T14:24:58Z
3.241851231905457e-13,2023-08-12T14:24:59Z,1.128638139503646,2023-08-13T14:24:59Z,1.128638139503647,1d,2023-08-13T14:29:59Z
0.15795662119091713,2023-08-13T14:30:00Z,1.128638139503647,2023-08-14T14:30:00Z,1.1290917171731876,1d,2023-08-14T14:34:57Z
4.0523140398818214e-13,2023-08-14T14:34:58Z,1.1290917171731876,2023-08-15T14:34:59Z,1.129091717173189,1d,2023-08-15T14:39:58Z
0.1578176609084725,2023-08-15T14:39:59Z,1.129091717173189,2023-08-16T14:45:00Z,1.1295466855640204,1d,2023-08-16T14:49:58Z
8.599010392629225e-11,2023-08-16T14:49:59Z,1.1295466855640204,2023-08-17T14:49:59Z,1.1295466855642866,1d,2023-08-17T14:54:59Z
0.16172716780859542,2023-08-17T14:55:00Z,1.1295466855642935,2023-08-18T15:00:01Z,1.1300123097346746,1d,2023-08-18T15:04:58Z
1.3674938958985194e-9,2023-08-18T15:04:59Z,1.1300123097346746,2023-08-19T15:04:59Z,1.1300123097389083,1d,2023-08-19T15:09:58Z
0.15766399547367316,2023-08-19T15:09:59Z,1.1300123097389099,2023-08-20T15:09:59Z,1.1304656568806477,1d,2023-08-20T15:14:59Z
2.9439251036933456e-9,2023-08-20T15:15:00Z,1.1304656568806797,2023-08-21T15:15:00Z,1.1304656568897975,1d,2023-08-21T15:19:58Z
3.475717491596697e-9,2023-08-21T15:19:59Z,1.1304656568898324,2023-08-22T15:24:58Z,1.1304656569006346,1d,2023-08-22T15:29:59Z
0.19143347557488166,2023-08-22T15:30:00Z,1.1304656569006672,2023-08-23T15:34:59Z,1.1310101562658172,1d,2023-08-23T15:39:58Z
1.2986856035013261e-9,2023-08-23T15:39:59Z,1.1310101562658315,2023-08-24T15:39:59Z,1.1310101562698556,1d,2023-08-24T15:44:58Z
0.16029936378457066,2023-08-24T15:44:59Z,1.13101015626987,2023-08-25T15:45:01Z,1.131470963186988,1d,2023-08-25T15:49:58Z
3.704868634102354e-9,2023-08-25T15:49:59Z,1.1314709631870266,2023-08-26T15:49:59Z,1.1314709631985114,1d,2023-08-26T15:54:58Z
0.159848990250542,2023-08-26T15:54:59Z,1.1314709631985513,2023-08-27T15:54:59Z,1.1319307432226167,1d,2023-08-27T16:00:00Z
2.911352714463078e-9,2023-08-27T16:00:01Z,1.131930743222649,2023-08-28T16:04:59Z,1.131930743231709,1d,2023-08-28T16:09:58Z
0.158520726516582,2023-08-28T16:09:59Z,1.131930743231741,2023-08-29T16:09:59Z,1.1323871551326716,1d,2023-08-29T16:14:58Z
2.755136341292541e-9,2023-08-29T16:14:59Z,1.1323871551327078,2023-08-30T16:15:00Z,1.1323871551412554,1d,2023-08-30T16:19:58Z
0.15802105534608124,2023-08-30T16:19:59Z,1.132387155141275,2023-08-31T16:20:01Z,1.1328424227060234,1d,2023-08-31T16:24:58Z
8.843770160638087e-10,2023-08-31T16:24:59Z,1.1328424227060334,2023-09-01T16:24:59Z,1.1328424227087783,1d,2023-09-01T16:29:59Z
0.15573984056497459,2023-09-01T16:30:00Z,1.1328424227087877,2023-09-02T16:34:59Z,1.1332932955181054,1d,2023-09-02T16:39:58Z
1.5843737433129945e-9,2023-09-02T16:39:59Z,1.1332932955181227,2023-09-03T16:39:59Z,1.1332932955230421,1d,2023-09-03T16:44:59Z
1.2225001011501035e-9,2023-09-03T16:45:00Z,1.13329329552306,2023-09-04T16:49:58Z,1.1332932955268686,1d,2023-09-04T16:54:58Z
0.155701551922921,2023-09-04T16:54:59Z,1.1332932955268866,2023-09-05T16:55:00Z,1.1337426942226094,1d,2023-09-05T16:59:59Z
1.5780394768682982e-9,2023-09-05T17:00:00Z,1.1337426942226279,2023-09-06T17:04:58Z,1.1337426942275464,1d,2023-09-06T17:09:57Z
0.15524428476436514,2023-09-06T17:09:58Z,1.133742694227562,2023-09-07T17:14:59Z,1.1341925984532926,1d,2023-09-07T17:19:58Z
1.32324262658301e-9,2023-09-07T17:19:59Z,1.134192598453306,2023-09-08T17:19:59Z,1.1341925984574177,1d,2023-09-08T17:24:59Z
0.15452648566468907,2023-09-08T17:25:00Z,1.1341925984574315,2023-09-09T17:29:59Z,1.1346407320469076,1d,2023-09-09T17:34:58Z
2.1742165845495265e-9,2023-09-09T17:34:59Z,1.1346407320469258,2023-09-10T17:39:59Z,1.134640732053708,1d,2023-09-10T17:45:00Z
0.15245372610966945,2023-09-10T17:45:01Z,1.134640732053708,2023-09-11T17:49:59Z,1.135083430070382,1d,2023-09-11T17:54:58Z
1.7844563604541008e-9,2023-09-11T17:54:59Z,1.1350834300704031,2023-09-12T17:55:00Z,1.1350834300759525,1d,2023-09-12T17:59:59Z
0.15520603346483397,2023-09-12T18:00:00Z,1.135083430075974,2023-09-13T18:04:59Z,1.1355337525863627,1d,2023-09-13T18:09:58Z
1.989908904320714e-9,2023-09-13T18:09:59Z,1.1355337525863858,2023-09-14T18:14:59Z,1.135533752592598,1d,2023-09-14T18:19:58Z
0.1556153650916925,2023-09-14T18:19:59Z,1.135533752592598,2023-09-15T18:19:59Z,1.1359838024032896,1d,2023-09-15T18:24:58Z
2.6938453689950848e-9,2023-09-15T18:24:59Z,1.135983802403323,2023-09-16T18:29:57Z,1.1359838024117361,1d,2023-09-16T18:34:58Z
2.7883972908426813e-9,2023-09-16T18:34:59Z,1.135983802411756,2023-09-17T18:34:59Z,1.1359838024204343,1d,2023-09-17T18:39:58Z
0.15632747535407643,2023-09-17T18:39:59Z,1.1359838024204678,2023-09-18T18:40:00Z,1.1364359538496298,1d,2023-09-18T18:44:59Z
2.202594773237365e-9,2023-09-18T18:45:00Z,1.1364359538496522,2023-09-19T18:45:00Z,1.13643595385651,1d,2023-09-19T18:49:58Z
0.15477959424840249,2023-09-19T18:49:59Z,1.1364359538565347,2023-09-20T18:49:59Z,1.1368841077541278,1d,2023-09-20T18:54:58Z
1.9263461936702697e-9,2023-09-20T18:54:59Z,1.1368841077541494,2023-09-21T18:59:59Z,1.1368841077601703,1d,2023-09-21T19:04:58Z
0.15492569977623782,2023-09-21T19:04:59Z,1.136884107760192,2023-09-22T19:04:59Z,1.1373328326038479,1d,2023-09-22T19:09:58Z
6.720239920099402e-10,2023-09-22T19:09:59Z,1.1373328326038556,2023-09-23T19:14:21Z,1.137332832605956,1d,2023-09-23T19:19:58Z
0.15338270627446882,2023-09-23T19:19:59Z,1.137332832605956,2023-09-24T19:24:59Z,1.137779111675946,1d,2023-09-24T19:29:59Z
6.341061009607074e-10,2023-09-24T19:30:00Z,1.1377791116759524,2023-09-25T19:30:00Z,1.137779111677929,1d,2023-09-25T19:34:58Z
0.15565061262247482,2023-09-25T19:34:59Z,1.1377791116779357,2023-09-26T19:34:59Z,1.13823014651348,1d,2023-09-26T19:39:57Z
9.20999276843304e-10,2023-09-26T19:39:58Z,1.138230146513489,2023-09-27T19:39:59Z,1.1382301465163611,1d,2023-09-27T19:44:59Z
0.1551436301470166,2023-09-27T19:45:00Z,1.1382301465163702,2023-09-28T19:45:00Z,1.1386799912527732,1d,2023-09-28T19:49:58Z
2.4026500788920657e-9,2023-09-28T19:49:59Z,1.1386799912527987,2023-09-29T19:54:58Z,1.13867999126032,1d,2023-09-29T19:59:59Z
0.15424185335824303,2023-09-29T20:00:00Z,1.1386799912603474,2023-09-30T20:00:00Z,1.1391275764614952,1d,2023-09-30T20:04:58Z
1.2416003780657547e-9,2023-09-30T20:04:59Z,1.1391275764615088,2023-10-01T20:05:01Z,1.1391275764653839,1d,2023-10-01T20:09:58Z
1.2452616715563636e-9,2023-10-01T20:09:59Z,1.1391275764653979,2023-10-02T20:10:00Z,1.1391275764692843,1d,2023-10-02T20:14:59Z
0.15338072267738556,2023-10-02T20:15:00Z,1.139127576469298,2023-10-03T20:19:59Z,1.1395745492359077,1d,2023-10-03T20:24:59Z
1.593690068801834e-9,2023-10-03T20:25:00Z,1.139574549235925,2023-10-04T20:29:59Z,1.139574549240918,1d,2023-10-04T20:34:59Z
0.15390729556411697,2023-10-04T20:35:00Z,1.1395745492409362,2023-10-05T20:35:00Z,1.1400215806335328,1d,2023-10-05T20:39:58Z
3.474950327486681e-9,2023-10-05T20:39:59Z,1.1400215806335705,2023-10-06T20:44:59Z,1.1400215806444616,1d,2023-10-06T20:49:58Z
0.16096108627891392,2023-10-06T20:49:59Z,1.1400215806445013,2023-10-07T20:55:00Z,1.140489454452453,1d,2023-10-07T20:59:59Z
2.318572001058783e-9,2023-10-07T21:00:00Z,1.1404894544524757,2023-10-08T21:00:00Z,1.1404894544597204,1d,2023-10-08T21:05:00Z
0.15174340809872233,2023-10-08T21:05:01Z,1.1404894544597468,2023-10-09T21:09:59Z,1.1409325005836186,1d,2023-10-09T21:14:59Z
1.294714335742242e-9,2023-10-09T21:15:00Z,1.1409325005836377,2023-10-10T21:15:00Z,1.1409325005876847,1d,2023-10-10T21:19:58Z
0.15865150678982842,2023-10-10T21:19:59Z,1.140932500587703,2023-10-11T21:19:59Z,1.1413928951206966,1d,2023-10-11T21:24:59Z
3.362286005170745e-9,2023-10-11T21:25:00Z,1.141392895120734,2023-10-12T21:25:00Z,1.1413928951312482,1d,2023-10-12T21:29:59Z
0.15413142782894584,2023-10-12T21:30:00Z,1.1413928951312848,2023-10-13T21:30:00Z,1.1418412474039408,1d,2023-10-13T21:34:58Z
2.2666761800849144e-9,2023-10-13T21:34:59Z,1.1418412474039659,2023-10-14T21:35:00Z,1.1418412474110569,1d,2023-10-14T21:39:59Z
0.14982065666764255,2023-10-14T21:40:00Z,1.1418412474110802,2023-10-15T21:44:59Z,1.1422795767834726,1d,2023-10-15T21:49:59Z
1.9517565341686804e-9,2023-10-15T21:50:00Z,1.1422795767835292,2023-10-16T21:50:00Z,1.1422795767896372,1d,2023-10-16T21:54:59Z
0.15052878357686783,2023-10-16T21:55:00Z,1.1422795767896552,2023-10-17T21:55:00Z,1.142718489381049,1d,2023-10-17T21:59:59Z
1.340474398148217e-9,2023-10-17T22:00:00Z,1.1427184893810634,2023-10-18T22:00:02Z,1.1427184893852602,1d,2023-10-18T22:04:58Z
0.15156803007510078,2023-10-18T22:04:59Z,1.142718489385275,2023-10-19T22:04:59Z,1.1431603983611087,1d,2023-10-19T22:09:58Z
1.4723506858160818e-9,2023-10-19T22:09:59Z,1.1431603983611256,2023-10-20T22:10:00Z,1.143160398365737,1d,2023-10-20T22:14:59Z
0.15009160436564795,2023-10-20T22:15:00Z,1.143160398365753,2023-10-21T22:19:59Z,1.1435999749069685,1d,2023-10-21T22:24:57Z
1.6867751639892958e-9,2023-10-21T22:24:58Z,1.1435999749069876,2023-10-22T22:29:59Z,1.143599974912291,1d,2023-10-22T22:34:58Z
0.1519582763240801,2023-10-22T22:34:59Z,1.1435999749123102,2023-10-23T22:35:00Z,1.1440432919068042,1d,2023-10-23T22:39:58Z
2.116118391626287e-9,2023-10-23T22:39:59Z,1.144043291906828,2023-10-24T22:39:59Z,1.1440432919134607,1d,2023-10-24T22:44:56Z
0.15029174544765134,2023-10-24T22:44:57Z,1.144043291913484,2023-10-25T22:45:00Z,1.144482251370307,1d,2023-10-25T22:49:57Z
4.674749476407669e-10,2023-10-25T22:49:58Z,1.1444822513703121,2023-10-26T22:49:58Z,1.1444822513717778,1d,2023-10-26T22:54:57Z
0.14800722531661248,2023-10-26T22:54:58Z,1.1444822513717834,2023-10-27T22:54:59Z,1.144915133099292,1d,2023-10-27T23:00:00Z
3.3309410785165028e-9,2023-10-27T23:00:01Z,1.1449151330993268,2023-10-28T23:04:59Z,1.1449151331098113,1d,2023-10-28T23:09:58Z
0.15019164837153998,2023-10-28T23:09:59Z,1.1449151331098488,2023-10-29T23:09:59Z,1.1453541387555792,1d,2023-10-29T23:14:59Z
1.0811440631641744e-10,2023-10-29T23:15:00Z,1.1453541387555803,2023-10-30T23:15:01Z,1.1453541387559196,1d,2023-10-30T23:19:58Z
1.17353682327348e-10,2023-10-30T23:19:59Z,1.1453541387559212,2023-10-31T23:20:00Z,1.1453541387562896,1d,2023-10-31T23:24:59Z
0.14239075468151374,2023-10-31T23:25:00Z,1.1453541387562909,2023-11-01T23:29:54Z,1.1457733718007235,1d,2023-11-01T23:34:56Z
1.9331298783953343e-9,2023-11-01T23:34:57Z,1.1457733718007448,2023-11-02T23:35:00Z,1.1457733718068133,1d,2023-11-02T23:39:57Z
0.14714372438145795,2023-11-02T23:39:58Z,1.1457733718068346,2023-11-03T23:44:59Z,1.1462058757378113,1d,2023-11-03T23:49:57Z
5.917861756188358e-10,2023-11-03T23:49:58Z,1.1462058757378184,2023-11-04T23:50:00Z,1.146205875739677,1d,2023-11-04T23:54:59Z
0.15129476309392742,2023-11-04T23:55:00Z,1.1462058757396834,2023-11-05T23:55:00Z,1.146648387781123,1d,2023-11-05T23:59:59Z
2.341751237366907e-9,2023-11-06T00:00:00Z,1.1466483877811502,2023-11-07T00:00:00Z,1.1466483877885068,1d,2023-11-07T00:04:58Z
0.15098865136689477,2023-11-07T00:04:59Z,1.1466483877885307,2023-11-08T00:05:01Z,1.147090245188216,1d,2023-11-08T00:09:59Z
1.949892469710335e-9,2023-11-08T00:10:00Z,1.1470902451882348,2023-11-09T00:10:00Z,1.1470902451943628,1d,2023-11-09T00:14:58Z
0.1489810094109767,2023-11-09T00:14:59Z,1.147090245194386,2023-11-10T00:15:00Z,1.1475267790354415,1d,2023-11-10T00:19:58Z
1.6419166026793164e-9,2023-11-10T00:19:59Z,1.14752677903546,2023-11-11T00:19:59Z,1.147526779040622,1d,2023-11-11T00:24:58Z
0.14901403978218486,2023-11-11T00:24:59Z,1.1475267790406412,2023-11-12T00:29:59Z,1.147965081270685,1d,2023-11-12T00:34:58Z
1.0577227982366821e-9,2023-11-12T00:34:59Z,1.147965081270697,2023-11-13T00:35:00Z,1.1479650812740236,1d,2023-11-13T00:39:58Z
0.1497014620737156,2023-11-13T00:39:59Z,1.147965081274037,2023-11-14T00:39:59Z,1.148403915214884,1d,2023-11-14T00:44:58Z
3.5362117678516825e-9,2023-11-14T00:44:59Z,1.1484039152149152,2023-11-15T00:49:58Z,1.1484039152260797,1d,2023-11-15T00:54:58Z
0.15311876494101617,2023-11-15T00:54:59Z,1.1484039152261147,2023-11-16T00:55:00Z,1.148852263754469,1d,2023-11-16T00:59:59Z
1.557511453142979e-9,2023-11-16T01:00:00Z,1.1488522637544865,2023-11-17T01:00:02Z,1.148852263759389,1d,2023-11-17T01:04:59Z
1.494898649312404e-9,2023-11-17T01:05:00Z,1.1488522637594054,2023-11-18T01:05:00Z,1.1488522637641108,1d,2023-11-18T01:09:59Z
0.15155816110941034,2023-11-18T01:10:00Z,1.148852263764127,2023-11-19T01:10:01Z,1.149296522934229,1d,2023-11-19T01:14:59Z
2.163854651016095e-9,2023-11-19T01:15:00Z,1.1492965229342578,2023-11-20T01:15:00Z,1.1492965229410712,1d,2023-11-20T01:19:59Z
0.1547378612147654,2023-11-20T01:20:00Z,1.1492965229410939,2023-11-21T01:20:00Z,1.149749634567282,1d,2023-11-21T01:24:58Z
1.276584837839323e-9,2023-11-21T01:24:59Z,1.1497496345672964,2023-11-22T01:29:59Z,1.1497496345713316,1d,2023-11-22T01:34:57Z
0.15366205488715967,2023-11-22T01:34:58Z,1.1497496345713452,2023-11-23T01:35:00Z,1.150199998060192,1d,2023-11-23T01:39:58Z
2.727058800999771e-9,2023-11-23T01:39:59Z,1.1501999980602098,2023-11-24T01:44:59Z,1.150199998068833,1d,2023-11-24T01:49:58Z
0.15144519502663933,2023-11-24T01:49:59Z,1.1501999980688637,2023-11-25T01:49:59Z,1.1506444639908582,1d,2023-11-25T01:54:58Z
5.36121147476365e-10,2023-11-25T01:54:59Z,1.1506444639908642,2023-11-26T01:54:59Z,1.1506444639925544,1d,2023-11-26T01:59:58Z
0.15033880156203727,2023-11-26T01:59:59Z,1.1506444639925597,2023-11-27T01:59:59Z,1.1510860699369128,1d,2023-11-27T02:04:58Z
2.09099404457902e-9,2023-11-27T02:04:59Z,1.1510860699369436,2023-11-28T02:04:59Z,1.151086069943538,1d,2023-11-28T02:09:59Z
0.14996630355229112,2023-11-28T02:10:00Z,1.1510860699435594,2023-11-29T02:10:00Z,1.151526823609541,1d,2023-11-29T02:14:59Z
9.518075216874422e-10,2023-11-29T02:15:00Z,1.1515268236095508,2023-11-30T02:15:00Z,1.1515268236125538,1d,2023-11-30T02:19:58Z
9.621523577862945e-10,2023-11-30T02:19:59Z,1.1515268236125644,2023-12-01T02:25:00Z,1.1515268236156104,1d,2023-12-01T02:29:59Z
0.1513435806670509,2023-12-01T02:30:00Z,1.1515268236156204,2023-12-02T02:30:00Z,1.151971523720962,1d,2023-12-02T02:34:59Z
2.760671691248717e-10,2023-12-02T02:35:00Z,1.1519715237209651,2023-12-03T02:39:57Z,1.1519715237218393,1d,2023-12-03T02:44:58Z
0.14976208161655058,2023-12-03T02:44:59Z,1.1519715237218422,2023-12-04T02:49:56Z,1.152413570297292,1d,2023-12-04T02:54:58Z
9.97251392576004e-10,2023-12-04T02:54:59Z,1.1524135702973015,2023-12-05T02:55:01Z,1.1524135703004503,1d,2023-12-05T02:59:57Z
0.14896331090482118,2023-12-05T02:59:58Z,1.1524135703004599,2023-12-06T02:59:59Z,1.1528520813196554,1d,2023-12-06T03:04:57Z
1.4883339005677954e-9,2023-12-06T03:04:58Z,1.1528520813196712,2023-12-07T03:04:58Z,1.1528520813243721,1d,2023-12-07T03:09:58Z
0.1502938134951577,2023-12-07T03:09:59Z,1.152852081324385,2023-12-08T03:14:58Z,1.1532959419981728,1d,2023-12-08T03:19:57Z
6.643798844407911e-10,2023-12-08T03:19:58Z,1.1532959419981796,2023-12-09T03:24:58Z,1.1532959420002862,1d,2023-12-09T03:29:58Z
0.1424402069759947,2023-12-09T03:29:59Z,1.1532959420002922,2023-12-10T03:29:59Z,1.153716786964259,1d,2023-12-10T03:34:58Z
1.0594862764889967e-9,2023-12-10T03:34:59Z,1.1537167869642726,2023-12-11T03:39:59Z,1.153716786967633,1d,2023-12-11T03:44:58Z
8.927356631716066e-10,2023-12-11T03:44:59Z,1.1537167869676426,2023-12-12T03:49:56Z,1.153716786970474,1d,2023-12-12T03:54:58Z
0.1499100097659738,2023-12-12T03:54:59Z,1.1537167869704832,2023-12-13T03:54:59Z,1.1541583931488564,1d,2023-12-13T03:59:59Z
1.9038581822172773e-9,2023-12-13T04:00:00Z,1.1541583931488766,2023-12-14T04:00:00Z,1.1541583931548967,1d,2023-12-14T04:04:57Z
0.15685484772998604,2023-12-14T04:04:58Z,1.1541583931549166,2023-12-15T04:05:01Z,1.1546192316267123,1d,2023-12-15T04:09:57Z
2.107203300738547e-12,2023-12-15T04:09:58Z,1.1546192316267123,2023-12-16T04:09:59Z,1.154619231626719,1d,2023-12-16T04:14:58Z
0.1560447424895759,2023-12-16T04:14:59Z,1.154619231626719,2023-12-17T04:15:00Z,1.1550780265693823,1d,2023-12-17T04:19:57Z
4.133360320679458e-12,2023-12-17T04:19:58Z,1.1550780265693827,2023-12-18T04:19:59Z,1.1550780265693958,1d,2023-12-18T04:24:57Z
3.6346481380178375e-12,2023-12-18T04:24:58Z,1.1550780265693958,2023-12-19T04:29:56Z,1.1550780265694074,1d,2023-12-19T04:34:58Z
0.16092970688409625,2023-12-19T04:34:59Z,1.1550780265694074,2023-12-20T04:34:59Z,1.1555503479821823,1d,2023-12-20T04:39:58Z
2.8268498653005736e-12,2023-12-20T04:39:59Z,1.1555503479821823,2023-12-21T04:44:58Z,1.1555503479821914,1d,2023-12-21T04:49:58Z
0.15774950405225008,2023-12-21T04:49:59Z,1.1555503479821914,2023-12-22T04:54:55Z,1.1560157639562139,1d,2023-12-22T04:59:57Z
4.862776847858186e-12,2023-12-22T04:59:58Z,1.1560157639562139,2023-12-23T04:59:59Z,1.1560157639562292,1d,2023-12-23T05:04:58Z
0.15824321618551473,2023-12-23T05:04:59Z,1.1560157639562292,2023-12-24T05:04:59Z,1.1564811282533736,1d,2023-12-24T05:09:57Z
2.1807000649687325e-12,2023-12-24T05:09:58Z,1.1564811282533736,2023-12-25T05:14:59Z,1.1564811282533805,1d,2023-12-25T05:19:57Z
0.16088097123077816,2023-12-25T05:19:58Z,1.1564811282533805,2023-12-26T05:24:57Z,1.1569555267374765,1d,2023-12-26T05:29:58Z
1.2967404927621828e-12,2023-12-26T05:29:59Z,1.1569555267374765,2023-12-27T05:30:00Z,1.1569555267374807,1d,2023-12-27T05:34:58Z
2.1807000649687325e-12,2023-12-27T05:34:59Z,1.1569555267374807,2023-12-28T05:39:57Z,1.1569555267374876,1d,2023-12-28T05:44:52Z
0.16075670557590427,2023-12-28T05:44:53Z,1.1569555267374876,2023-12-29T05:45:11Z,1.1574282417763406,1d,2023-12-29T05:49:58Z
1.2156942119645464e-12,2023-12-29T05:49:59Z,1.1574282417763406,2023-12-30T05:49:59Z,1.1574282417763444,1d,2023-12-30T05:54:59Z
0.16102319375275553,2023-12-30T05:55:00Z,1.1574282417763444,2023-12-31T05:55:07Z,1.1579018180357277,1d,2023-12-31T05:59:58Z
4.376499163072367e-12,2023-12-31T05:59:59Z,1.1579018180357277,2024-01-01T06:00:00Z,1.1579018180357414,1d,2024-01-01T06:04:58Z
0.1594160926101713,2024-01-01T06:04:59Z,1.1579018180357414,2024-01-02T06:04:59Z,1.1583711536650128,1d,2024-01-02T06:09:57Z
2.431388423929093e-12,2024-01-02T06:09:58Z,1.158371153665013,2024-01-03T06:09:59Z,1.1583711536650207,1d,2024-01-03T06:14:58Z
0.16216113608498461,2024-01-03T06:14:59Z,1.1583711536650207,2024-01-04T06:19:57Z,1.1588498332710822,1d,2024-01-04T06:24:58Z
3.3226754680981685e-12,2024-01-04T06:24:59Z,1.1588498332710822,2024-01-05T06:25:02Z,1.1588498332710926,1d,2024-01-05T06:29:57Z
1.2967404927621828e-12,2024-01-05T06:29:58Z,1.1588498332710926,2024-01-06T06:29:58Z,1.1588498332710966,1d,2024-01-06T06:34:58Z
0.16894374912791088,2024-01-06T06:34:59Z,1.1588498332710966,2024-01-07T06:34:59Z,1.159345547788271,1d,2024-01-07T06:39:58Z
3.7651046724818116e-9,2024-01-07T06:39:59Z,1.159345547788271,2024-01-08T06:44:58Z,1.1593455478002714,1d,2024-01-08T06:49:57Z
0.16064732811871063,2024-01-08T06:49:58Z,1.1593455478002714,2024-01-09T06:49:58Z,1.1598188412450057,1d,2024-01-09T06:54:57Z
1.2154721673596214e-12,2024-01-09T06:54:58Z,1.1598188412450057,2024-01-10T06:55:06Z,1.1598188412450094,1d,2024-01-10T06:59:58Z
0.16486332185124586,2024-01-10T06:59:59Z,1.1598188412450094,2024-01-11T07:00:19Z,1.1603039664734842,1d,2024-01-11T07:04:58Z
8.912870441690757e-13,2024-01-11T07:04:59Z,1.1603039664734842,2024-01-12T07:05:17Z,1.160303966473487,1d,2024-01-12T07:10:05Z
0.16314920625876828,2024-01-12T07:10:06Z,1.160303966473487,2024-01-13T07:14:59Z,1.1607861289798926,1d,2024-01-13T07:19:58Z
1.0536016503692736e-12,2024-01-13T07:19:59Z,1.1607861289798926,2024-01-14T07:19:59Z,1.160786128979896,1d,2024-01-14T07:24:58Z
0.010665397088932993,2024-01-14T07:24:59Z,1.160786128979896,2024-01-15T07:29:49Z,1.160819981595749,1d,2024-01-15T07:34:57Z
0.12267539183617227,2024-01-15T07:34:58Z,1.160912935635881,2024-01-16T07:34:59Z,1.161281038111285,1d,2024-01-16T07:39:58Z
1.6209256159527285e-12,2024-01-16T07:39:59Z,1.161281038111285,2024-01-17T07:39:59Z,1.1612810381112901,1d,2024-01-17T07:44:58Z
0.16265979566379718,2024-01-17T07:44:59Z,1.1612810381112901,2024-01-18T07:44:59Z,1.161760635810508,1d,2024-01-18T07:50:02Z
2.09277040141842e-12,2024-01-18T07:50:03Z,1.161760635810508,2024-01-19T07:59:58Z,1.1617606358105146,1d,2024-01-19T08:04:57Z
0.16127447723366628,2024-01-19T08:04:58Z,1.1617606358105146,2024-01-20T08:04:59Z,1.1622366408093816,1d,2024-01-20T08:09:58Z
9.725553695716371e-13,2024-01-20T08:09:59Z,1.1622366408093818,2024-01-21T08:09:59Z,1.162236640809385,1d,2024-01-21T08:14:58Z
0.1600190760823701,2024-01-21T08:14:59Z,1.162236640809385,2024-01-22T08:14:59Z,1.1627093897548466,1d,2024-01-22T08:19:58Z
7.269740365245525e-13,2024-01-22T08:19:59Z,1.1627093897548466,2024-01-23T08:24:59Z,1.162709389754849,1d,2024-01-23T08:29:59Z
0.16268136498528651,2024-01-23T08:30:00Z,1.162709389754849,2024-01-24T08:34:59Z,1.1631912987789979,1d,2024-01-24T08:39:58Z
6.483702463810914e-13,2024-01-24T08:39:59Z,1.1631912987789979,2024-01-25T08:40:03Z,1.1631912987789998,1d,2024-01-25T08:44:58Z
0.16699401898308786,2024-01-25T08:44:59Z,1.1631912987789998,2024-01-26T08:49:57Z,1.1636852464445158,1d,2024-01-26T08:54:58Z
8.104628079763643e-13,2024-01-26T08:54:59Z,1.1636852464445158,2024-01-27T08:54:59Z,1.1636852464445184,1d,2024-01-27T08:59:59Z
0.16440800310312564,2024-01-27T09:00:00Z,1.1636852464445184,2024-01-28T09:00:00Z,1.1641706292797562,1d,2024-01-28T09:04:58Z
1.2156942119645464e-12,2024-01-28T09:04:59Z,1.1641706292797562,2024-01-29T09:04:59Z,1.1641706292797602,1d,2024-01-29T09:09:58Z
0.1611521057949732,2024-01-29T09:09:59Z,1.1641706292797602,2024-01-30T09:10:00Z,1.1646472854590262,1d,2024-01-30T09:14:59Z
1.0536016503692736e-12,2024-01-30T09:15:00Z,1.1646472854590262,2024-01-31T09:15:00Z,1.1646472854590295,1d,2024-01-31T09:19:58Z
0.16336034528150267,2024-01-31T09:19:59Z,1.1646472854590297,2024-02-01T09:20:00Z,1.1651302017871814,1d,2024-02-01T09:24:58Z
4.700684286262913e-12,2024-02-01T09:24:59Z,1.1651302017871814,2024-02-02T09:25:00Z,1.1651302017871963,1d,2024-02-02T09:29:59Z
0.1777223456659689,2024-02-02T09:30:00Z,1.1651302017871963,2024-02-03T09:30:00Z,1.1656524962016896,1d,2024-02-03T09:34:59Z
1.3777867735598193e-12,2024-02-03T09:35:00Z,1.1656524962016896,2024-02-04T09:35:00Z,1.165652496201694,1d,2024-02-04T09:39:59Z
0.1606730817036246,2024-02-04T09:40:00Z,1.165652496201694,2024-02-05T09:40:00Z,1.1661284352972958,1d,2024-02-05T09:45:00Z
2.746025629107862e-12,2024-02-05T09:45:01Z,1.166128435297296,2024-02-06T09:49:59Z,1.166128435297305,1d,2024-02-06T09:52:59Z
2.1878054923263335e-12,2024-02-06T09:53:00Z,1.166128435297305,2024-02-07T14:20:00Z,1.1661284352973131,1d,2024-02-07T14:24:59Z
0.15710908511794797,2024-02-07T14:25:00Z,1.1661284352973131,2024-02-08T14:25:00Z,1.1665947393887164,1d,2024-02-08T14:29:59Z
1.7343460001484345e-11,2024-02-08T14:30:00Z,1.1665947393887164,2024-02-09T14:30:02Z,1.166594739388772,1d,2024-02-09T14:34:59Z
0.1597375059064292,2024-02-09T14:35:00Z,1.166594739388772,2024-02-10T14:35:00Z,1.16706848481776,1d,2024-02-10T14:39:59Z
9.158851455026706e-11,2024-02-10T14:40:00Z,1.16706848481776,2024-02-11T14:45:00Z,1.167068484818054,1d,2024-02-11T14:49:58Z
0.16031915499572746,2024-02-11T14:49:59Z,1.1670684848180573,2024-02-12T14:54:59Z,1.1675456780380775,1d,2024-02-12T14:59:58Z
2.1882495815361835e-12,2024-02-12T14:59:59Z,1.1675456780380775,2024-02-13T15:00:02Z,1.1675456780380846,1d,2024-02-13T15:04:58Z
0.16130646497843926,2024-02-13T15:04:59Z,1.1675456780380846,2024-02-14T15:04:59Z,1.16802413593443,1d,2024-02-14T15:05:06Z
2.1889601242719436e-11,2024-02-14T15:05:07Z,1.16802413593443,2024-02-15T15:09:59Z,1.1680241359345005,1d,2024-02-15T15:15:00Z
0.150319477884447,2024-02-15T15:15:01Z,1.1680241359345005,2024-02-16T15:19:57Z,1.168473894120204,1d,2024-02-16T15:24:59Z
1.2156942119645464e-12,2024-02-16T15:25:00Z,1.168473894120204,2024-02-17T15:25:01Z,1.168473894120208,1d,2024-02-17T15:29:57Z
0.16325619176584638,2024-02-17T15:29:58Z,1.168473894120208,2024-02-18T15:34:57Z,1.1689597808206358,1d,2024-02-18T15:39:58Z
1.3777867735598193e-12,2024-02-18T15:39:59Z,1.1689597808206358,2024-02-19T15:39:59Z,1.1689597808206402,1d,2024-02-19T15:44:58Z
0.1629156106390568,2024-02-19T15:44:59Z,1.1689597808206402,2024-02-20T15:45:00Z,1.1694432602366651,1d,2024-02-20T15:49:58Z
7.294165271787278e-13,2024-02-20T15:49:59Z,1.1694432602366651,2024-02-21T15:50:00Z,1.1694432602366676,1d,2024-02-21T15:54:58Z
0.16151373135957048,2024-02-21T15:54:59Z,1.1694432602366676,2024-02-22T15:54:59Z,1.1699230677736658,1d,2024-02-22T15:59:59Z
1.6209256159527285e-12,2024-02-22T16:00:00Z,1.1699230677736663,2024-02-23T16:00:01Z,1.1699230677736714,1d,2024-02-23T16:04:58Z
0.15910220160023036,2024-02-23T16:04:59Z,1.1699230677736714,2024-02-24T16:05:00Z,1.1703964132521159,1d,2024-02-24T16:09:58Z
1.5398793351550921e-12,2024-02-24T16:09:59Z,1.1703964132521159,2024-02-25T16:09:59Z,1.1703964132521207,1d,2024-02-25T16:14:54Z
0.15739437337106166,2024-02-25T16:14:55Z,1.1703964132521207,2024-02-26T16:19:59Z,1.1708668646200426,1d,2024-02-26T16:24:59Z
2.1882495815361835e-12,2024-02-26T16:25:00Z,1.1708668646200426,2024-02-27T16:25:00Z,1.1708668646200497,1d,2024-02-27T16:25:07Z
0.1585397624633751,2024-02-27T16:25:08Z,1.1708668646200497,2024-02-28T16:29:59Z,1.1713406194915974,1d,2024-02-28T16:34:58Z
3.0797586703101842e-12,2024-02-28T16:34:59Z,1.1713406194915974,2024-02-29T16:35:00Z,1.1713406194916072,1d,2024-02-29T16:39:58Z
0.16352576886504222,2024-02-29T16:39:59Z,1.1713406194916072,2024-03-01T16:39:59Z,1.171826762042405,1d,2024-03-01T16:44:59Z
3.40394379350073e-12,2024-03-01T16:45:00Z,1.171826762042405,2024-03-02T16:45:00Z,1.1718267620424159,1d,2024-03-02T16:49:58Z
0.000011531853727486663,2024-03-02T16:49:59Z,1.1718267620424159,2024-03-03T16:49:59Z,1.1718267990650382,1d,2024-03-03T16:54:58Z
0.1623301370348793,2024-03-03T16:54:59Z,1.1718269128894587,2024-03-04T16:55:00Z,1.1723099607234087,1d,2024-03-04T16:59:59Z
3.957500993578833e-12,2024-03-04T17:00:00Z,1.1723099607234087,2024-03-05T17:04:59Z,1.1723099607234213,1d,2024-03-05T17:09:58Z
0.16552835700173785,2024-03-05T17:09:59Z,1.1723099607234213,2024-03-06T17:10:00Z,1.1728020367950363,1d,2024-03-06T17:14:58Z
5.997424779025096e-12,2024-03-06T17:14:59Z,1.1728020367950363,2024-03-07T17:15:00Z,1.1728020367950556,1d,2024-03-07T17:19:59Z
0.17400822274480587,2024-03-07T17:20:00Z,1.172802036795056,2024-03-08T17:20:00Z,1.1733176165882409,1d,2024-03-08T17:24:58Z
1.3245404772987968e-11,2024-03-08T17:24:59Z,1.1733176165882409,2024-03-09T17:30:00Z,1.1733176165882837,1d,2024-03-09T17:34:58Z
0.18044914216398555,2024-03-09T17:34:59Z,1.1733176165882837,2024-03-10T17:39:59Z,1.1738528711866285,1d,2024-03-10T17:45:07Z
3.8933967161369765e-11,2024-03-10T17:45:08Z,1.1738528711866285,2024-03-11T17:49:57Z,1.1738528711867542,1d,2024-03-11T17:54:58Z
0.16165433380084138,2024-03-11T17:54:59Z,1.1738528711867542,2024-03-12T18:00:01Z,1.1743365625082647,1d,2024-03-12T18:04:57Z
2.7555735471196385e-12,2024-03-12T18:04:58Z,1.1743365625082647,2024-03-13T18:04:59Z,1.1743365625082736,1d,2024-03-13T18:09:58Z
0.16091897952641698,2024-03-13T18:09:59Z,1.1743365625082736,2024-03-14T18:14:57Z,1.1748183856315886,1d,2024-03-14T18:19:58Z
0.000001473001229879145,2024-03-14T18:19:59Z,1.1748183856315886,2024-03-15T18:20:20Z,1.1748183903738578,1d,2024-03-15T18:24:58Z
0.18406755274561348,2024-03-15T18:24:59Z,1.1748183903738578,2024-03-16T18:25:03Z,1.1753623555101043,1d,2024-03-16T18:29:58Z
3.8902214782865485e-12,2024-03-16T18:29:59Z,1.1753623555101043,2024-03-17T18:29:59Z,1.1753623555101167,1d,2024-03-17T18:34:58Z
0.18215263912252655,2024-03-17T18:34:59Z,1.175362355510117,2024-03-18T18:35:35Z,1.1759015575538414,1d,2024-03-18T18:39:59Z
0.00026865419660460077,2024-03-18T18:40:00Z,1.1759015714841903,2024-03-19T18:44:59Z,1.1759024398723843,1d,2024-03-19T18:49:59Z
0.1342037896120012,2024-03-19T18:50:00Z,1.1759024398723843,2024-03-20T18:50:00Z,1.1763082152103297,1d,2024-03-20T18:54:58Z
0.045188685037892196,2024-03-20T18:54:59Z,1.1763082152103297,2024-03-21T18:55:13Z,1.1764506847223641,1d,2024-03-21T18:59:59Z
0.07926687299027524,2024-03-21T19:00:00Z,1.1764506847223641,2024-03-22T19:00:01Z,1.1766965817519417,1d,2024-03-22T19:04:58Z
0.0929404127208584,2024-03-22T19:04:59Z,1.1766985331908852,2024-03-23T19:09:58Z,1.176986067180818,1d,2024-03-23T19:14:58Z
0.04597376173128587,2024-03-23T19:14:59Z,1.1769860671808183,2024-03-24T19:14:59Z,1.177131017202659,1d,2024-03-24T19:19:58Z
0.12067350273870181,2024-03-24T19:19:59Z,1.177131017202659,2024-03-25T19:20:01Z,1.1774985086925125,1d,2024-03-25T19:24:59Z
0.0000019724422954947585,2024-03-25T19:25:00Z,1.177498508692513,2024-03-26T19:25:00Z,1.1774985150556516,1d,2024-03-26T19:29:58Z
0.17172941412018106,2024-03-26T19:29:59Z,1.1774985236835964,2024-03-27T19:30:00Z,1.1780099033400246,1d,2024-03-27T19:34:59Z
3.36801697642386e-11,2024-03-27T19:35:00Z,1.1780099033400246,2024-03-28T19:39:58Z,1.1780099033401337,1d,2024-03-28T19:44:59Z
0.16981085074523028,2024-03-28T19:45:00Z,1.1780099033401337,2024-03-29T19:45:13Z,1.1785162842310584,1d,2024-03-29T19:49:58Z
1.507172164849635e-11,2024-03-29T19:49:59Z,1.1785162842310593,2024-03-30T19:50:15Z,1.1785162842311079,1d,2024-03-30T19:55:02Z
0.1717936665793114,2024-03-30T19:55:03Z,1.1785162842311079,2024-03-31T19:55:07Z,1.1790283008033162,1d,2024-03-31T19:59:59Z
2.261746345766369e-12,2024-03-31T20:00:00Z,1.1790283008033162,2024-04-01T20:04:48Z,1.1790283008033235,1d,2024-04-01T20:09:58Z
0.18198113743474642,2024-04-01T20:09:59Z,1.1790283008033235,2024-04-02T20:10:14Z,1.1795685842174264,1d,2024-04-02T20:15:01Z
1.1308731728831845e-12,2024-04-02T20:15:02Z,1.1795685842174264,2024-04-03T20:19:57Z,1.1795685842174302,1d,2024-04-03T20:24:58Z
0.0015258483703395331,2024-04-03T20:24:59Z,1.1795685842174302,2024-04-04T20:25:00Z,1.1795735116027057,1d,2024-04-04T20:29:58Z
0.18744416741948644,2024-04-04T20:29:59Z,1.1795735116027057,2024-04-05T20:34:56Z,1.1801307696985555,1d,2024-04-05T20:39:57Z
0.00011800526430238989,2024-04-05T20:39:58Z,1.1801307696985555,2024-04-06T20:39:59Z,1.1801311512192718,1d,2024-04-06T20:44:59Z
0.17648326307617013,2024-04-06T20:45:00Z,1.1801311512192718,2024-04-07T20:49:58Z,1.1806585784134012,1d,2024-04-07T20:54:58Z
5.653255641391297e-13,2024-04-07T20:54:59Z,1.1806585784134012,2024-04-08T21:00:00Z,1.180658578413403,1d,2024-04-08T21:04:59Z
0.1757370976689212,2024-04-08T21:05:00Z,1.180658578413403,2024-04-09T21:09:59Z,1.1811841871989384,1d,2024-04-09T21:14:58Z
0.0031619325809475463,2024-04-09T21:14:59Z,1.1811841871989384,2024-04-10T21:14:59Z,1.1811944034966833,1d,2024-04-10T21:20:00Z
6.219025294740277e-12,2024-04-10T21:20:01Z,1.1811944034966833,2024-04-11T21:24:59Z,1.1811944034967035,1d,2024-04-11T21:29:59Z
0.17005785125702877,2024-04-11T21:30:00Z,1.1811944034967043,2024-04-12T21:30:00Z,1.1817027603992327,1d,2024-04-12T21:34:57Z
1.2967404927621828e-12,2024-04-12T21:34:58Z,1.1817027603992327,2024-04-13T21:34:58Z,1.181702760399237,1d,2024-04-13T21:39:58Z
0.17891534396135533,2024-04-13T21:39:59Z,1.181702760399237,2024-04-14T21:44:18Z,1.1822373613009414,1d,2024-04-14T21:49:58Z
0.0014055000493091718,2024-04-14T21:49:59Z,1.1822373613009414,2024-04-15T21:50:00Z,1.1822419105898783,1d,2024-04-15T21:54:58Z
0.174655211049757,2024-04-15T21:54:59Z,1.1822419105898783,2024-04-16T21:54:59Z,1.182763425576975,1d,2024-04-16T21:59:59Z
0.002108217308091298,2024-04-16T22:00:00Z,1.182763425576975,2024-04-17T22:00:00Z,1.1827702499735673,1d,2024-04-17T22:05:00Z
3.079314581100334e-12,2024-04-17T22:05:01Z,1.1827702499735673,2024-04-18T22:05:13Z,1.1827702499735773,1d,2024-04-18T22:09:57Z
0.171547804104782,2024-04-18T22:09:58Z,1.1827709968276185,2024-04-19T22:09:59Z,1.1832841637703784,1d,2024-04-19T22:14:59Z
1.857625164802812e-12,2024-04-19T22:15:00Z,1.1832841637703784,2024-04-20T22:19:59Z,1.1832841637703844,1d,2024-04-20T22:24:56Z
0.16553726546500247,2024-04-20T22:24:57Z,1.1832841637703844,2024-04-21T22:29:59Z,1.183782601814533,1d,2024-04-21T22:34:58Z
1.5426326882561625e-11,2024-04-21T22:34:59Z,1.183782601814533,2024-04-22T22:39:59Z,1.1837826018145832,1d,2024-04-22T22:44:58Z
0.052836111400408114,2024-04-22T22:44:59Z,1.1837826018145832,2024-04-23T22:44:59Z,1.1839496001764274,1d,2024-04-23T22:49:58Z
1.2156942119645464e-11,2024-04-23T22:49:59Z,1.1839496001764274,2024-04-24T22:49:59Z,1.1839496001764669,1d,2024-04-24T22:54:59Z
0.2441947584844033,2024-04-24T22:55:00Z,1.1839496001764669,2024-04-25T23:00:00Z,1.1846609853523231,1d,2024-04-25T23:04:59Z
0.03840714712919868,2024-04-25T23:05:00Z,1.184679925245652,2024-04-26T23:09:58Z,1.1848026772275564,1d,2024-04-26T23:14:55Z
6.38022967791585e-12,2024-04-26T23:14:56Z,1.1848026772275564,2024-04-27T23:19:59Z,1.1848026772275773,1d,2024-04-27T23:24:57Z
0.1746661488092225,2024-04-27T23:24:58Z,1.1848026772275773,2024-04-28T23:24:59Z,1.1853253581189995,1d,2024-04-28T23:29:58Z
9.239276010930553e-12,2024-04-28T23:29:59Z,1.1853253581189995,2024-04-29T23:30:00Z,1.1853253581190295,1d,2024-04-29T23:34:58Z
0.1694966953867343,2024-04-29T23:34:59Z,1.1853253581190297,2024-04-30T23:39:59Z,1.185835700634933,1d,2024-04-30T23:44:58Z
5.67235147741485e-12,2024-04-30T23:44:59Z,1.185835700634933,2024-05-01T23:45:13Z,1.1858357006349514,1d,2024-05-01T23:49:59Z
0.17371378703261886,2024-05-01T23:50:00Z,1.1858357006349514,2024-05-02T23:50:00Z,1.186356194944651,1d,2024-05-02T23:54:58Z
1.5990320179071205e-11,2024-05-02T23:54:59Z,1.1863561949446513,2024-05-04T00:00:06Z,1.1863561949447035,1d,2024-05-04T00:04:58Z
5.430100813441641e-12,2024-05-04T00:04:59Z,1.1863561949447037,2024-05-05T00:05:00Z,1.1863561949447212,1d,2024-05-05T00:09:58Z
0.17164690905768243,2024-05-05T00:09:59Z,1.1863561949447214,2024-05-06T00:14:59Z,1.1868729750475806,1d,2024-05-06T00:19:58Z
1.0177192422133885e-11,2024-05-06T00:19:59Z,1.1868729750475806,2024-05-07T00:24:53Z,1.186872975047614,1d,2024-05-07T00:29:58Z
0.17384352586431184,2024-05-07T00:29:59Z,1.186872975047614,2024-05-08T00:30:00Z,1.187394290251128,1d,2024-05-08T00:34:58Z
1.0049516774301992e-11,2024-05-08T00:34:59Z,1.187394290251128,2024-05-09T00:35:00Z,1.1873942902511607,1d,2024-05-09T00:39:58Z
1.744560051974986e-11,2024-05-09T00:39:59Z,1.1873942902511607,2024-05-10T00:44:58Z,1.1873942902512176,1d,2024-05-10T00:49:58Z
0.18044871131815032,2024-05-10T00:49:59Z,1.1873942902512178,2024-05-11T00:49:59Z,1.1879340905472944,1d,2024-05-11T00:54:55Z
7.1314065763772305e-12,2024-05-11T00:54:56Z,1.1879340905472944,2024-05-12T00:55:04Z,1.1879340905473175,1d,2024-05-12T00:59:59Z
0.16809482374912665,2024-05-12T01:00:00Z,1.1879340905473175,2024-05-13T01:00:01Z,1.188439886649574,1d,2024-05-13T01:04:58Z
5.511147094239277e-12,2024-05-13T01:04:59Z,1.188439886649574,2024-05-14T01:05:00Z,1.188439886649592,1d,2024-05-14T01:09:59Z
0.17200618218340646,2024-05-14T01:10:00Z,1.188439886649592,2024-05-15T01:10:00Z,1.1889567814171083,1d,2024-05-15T01:14:59Z
8.590905764549461e-12,2024-05-15T01:15:00Z,1.1889567814171083,2024-05-16T01:15:00Z,1.1889567814171362,1d,2024-05-16T01:19:52Z
0.17488967964215485,2024-05-16T01:19:53Z,1.1889567814171365,2024-05-17T01:19:59Z,1.1894819453913263,1d,2024-05-17T01:24:58Z
7.780442956573097e-12,2024-05-17T01:24:59Z,1.1894819453913266,2024-05-18T01:25:00Z,1.1894819453913519,1d,2024-05-18T01:29:59Z
0.17609046537356954,2024-05-18T01:30:00Z,1.1894819453913519,2024-05-19T01:30:00Z,1.190010635297898,1d,2024-05-19T01:34:58Z
5.007549930269306e-12,2024-05-19T01:34:59Z,1.190010635297898,2024-05-20T01:39:59Z,1.1900106352979145,1d,2024-05-20T01:44:59Z
0.17082736642873364,2024-05-20T01:45:00Z,1.1900106352979145,2024-05-21T01:49:59Z,1.190526711103155,1d,2024-05-21T01:54:57Z
6.969980148596733e-12,2024-05-21T01:54:58Z,1.1905267111031552,2024-05-22T01:54:58Z,1.1905267111031779,1d,2024-05-22T01:59:59Z
9.64428537031381e-12,2024-05-22T02:00:00Z,1.1905267111031779,2024-05-23T02:00:01Z,1.1905267111032094,1d,2024-05-23T02:04:58Z
0.1721957288837701,2024-05-23T02:04:59Z,1.1905267111032096,2024-05-24T02:04:59Z,1.191045041204086,1d,2024-05-24T02:09:57Z
9.368728015601846e-12,2024-05-24T02:09:58Z,1.191045041204086,2024-05-25T02:15:00Z,1.1910450412041167,1d,2024-05-25T02:19:58Z
0.17886902161879337,2024-05-25T02:19:59Z,1.1910450412041167,2024-05-26T02:19:59Z,1.1915821294953728,1d,2024-05-26T02:24:58Z
5.268008251846368e-12,2024-05-26T02:24:59Z,1.1915821294953728,2024-05-27T02:24:59Z,1.1915821294953899,1d,2024-05-27T02:30:07Z
0.18460770096144707,2024-05-27T02:30:08Z,1.1915821294953899,2024-05-28T02:34:59Z,1.1921371842538384,1d,2024-05-28T02:39:58Z
5.653699730601147e-12,2024-05-28T02:39:59Z,1.1921371842538384,2024-05-29T02:44:59Z,1.1921371842538568,1d,2024-05-29T02:49:59Z
0.17797187451074703,2024-05-29T02:50:00Z,1.1921371842538568,2024-05-30T02:54:59Z,1.1926741295543104,1d,2024-05-30T03:00:00Z
8.022915665151231e-12,2024-05-30T03:00:01Z,1.1926741295543104,2024-05-31T03:00:07Z,1.1926741295543366,1d,2024-05-31T03:04:58Z
0.18247789435953377,2024-05-31T03:04:59Z,1.1926741295543366,2024-06-01T03:05:00Z,1.1932219511798756,1d,2024-06-01T03:09:58Z
6.5645267000036256e-12,2024-06-01T03:09:59Z,1.1932219511798756,2024-06-02T03:10:01Z,1.1932219511798972,1d,2024-06-02T03:14:59Z
5.835332217429823e-12,2024-06-02T03:15:00Z,1.1932219511798972,2024-06-03T03:15:00Z,1.1932219511799163,1d,2024-06-03T03:19:59Z
0.17726821625481648,2024-06-03T03:20:00Z,1.1932219511799163,2024-06-04T03:20:00Z,1.1937555769468997,1d,2024-06-04T03:24:58Z
8.996137168537643e-12,2024-06-04T03:24:59Z,1.1937555769468997,2024-06-05T03:24:59Z,1.1937555769469292,1d,2024-06-05T03:29:57Z
0.1748237166950355,2024-06-05T03:29:58Z,1.1937555769469297,2024-06-06T03:30:00Z,1.1942826524284158,1d,2024-06-06T03:34:57Z
6.564748744608551e-12,2024-06-06T03:34:58Z,1.194282652428416,2024-06-07T03:34:59Z,1.1942826524284376,1d,2024-06-07T03:39:59Z
0.1743648972965337,2024-06-07T03:40:00Z,1.1942826524284376,2024-06-08T03:40:00Z,1.1948086697460683,1d,2024-06-08T03:45:01Z
5.430100813441641e-12,2024-06-08T03:45:02Z,1.1948086697460685,2024-06-09T03:45:02Z,1.1948086697460862,1d,2024-06-09T03:49:59Z
0.17614215107242326,2024-06-09T03:50:00Z,1.1948086697460862,2024-06-10T03:54:59Z,1.1953417098559893,1d,2024-06-10T04:00:02Z
6.80788758700146e-12,2024-06-10T04:00:03Z,1.1953417098559893,2024-06-11T04:00:03Z,1.1953417098560115,1d,2024-06-11T04:00:15Z
0.180414222612858,2024-06-11T04:00:16Z,1.1953417098560115,2024-06-12T04:04:59Z,1.1958868074172428,1d,2024-06-12T04:09:58Z
2.5934809855243657e-11,2024-06-12T04:09:59Z,1.1958868074172428,2024-06-13T04:09:59Z,1.195886807417328,1d,2024-06-13T04:15:00Z
3.8899106158396535e-11,2024-06-13T04:15:01Z,1.1958868074173281,2024-06-14T04:15:08Z,1.1958868074174556,1d,2024-06-14T04:19:58Z
0.1784376748921488,2024-06-14T04:19:59Z,1.1958868074174556,2024-06-15T04:20:00Z,1.1964248856864943,1d,2024-06-15T04:25:00Z
3.1195268590522574e-11,2024-06-15T04:25:01Z,1.1964248856864943,2024-06-16T04:25:22Z,1.1964248856865967,1d,2024-06-16T04:30:01Z
0.17505844065904808,2024-06-16T04:30:02Z,1.1964248856865967,2024-06-17T04:35:00Z,1.1969556072464755,1d,2024-06-17T04:39:58Z
2.8285151998375113e-11,2024-06-17T04:39:59Z,1.1969556072464755,2024-06-18T04:39:59Z,1.1969556072465684,1d,2024-06-18T04:45:01Z
0.16795253234748442,2024-06-18T04:45:02Z,1.1969556072465686,2024-06-19T04:49:58Z,1.1974665839082497,1d,2024-06-19T04:54:58Z
2.577205115983361e-11,2024-06-19T04:54:59Z,1.1974665839082497,2024-06-20T04:55:01Z,1.1974665839083343,1d,2024-06-20T05:00:01Z
0.1635014557812393,2024-06-20T05:00:02Z,1.1974665839083347,2024-06-21T05:04:59Z,1.1979652094661415,1d,2024-06-21T05:09:59Z
3.395839165420966e-11,2024-06-21T05:10:00Z,1.1979652094661417,2024-06-22T05:10:00Z,1.1979652094662532,1d,2024-06-22T05:14:59Z
0.17087646837277615,2024-06-22T05:15:00Z,1.1979652094662536,2024-06-23T05:15:00Z,1.1984830805766504,1d,2024-06-23T05:19:59Z
2.7960966875184567e-11,2024-06-23T05:20:00Z,1.1984830805766509,2024-06-24T05:20:00Z,1.1984830805767428,1d,2024-06-24T05:24:59Z
2.1963542096159472e-11,2024-06-24T05:25:00Z,1.1984830805767428,2024-06-25T05:25:00Z,1.198483080576815,1d,2024-06-25T05:30:01Z
0.16598851054244257,2024-06-25T05:30:02Z,1.1984830805768154,2024-06-26T05:30:02Z,1.198987433597788,1d,2024-06-26T05:35:00Z
1.8738122165018467e-11,2024-06-26T05:35:01Z,1.1989874335977881,2024-06-27T05:39:59Z,1.1989874335978499,1d,2024-06-27T05:45:00Z
0.16691792062152389,2024-06-27T05:45:01Z,1.1989874335978499,2024-06-28T05:45:01Z,1.1994946173183196,1d,2024-06-28T05:49:58Z
1.726241372068671e-11,2024-06-28T05:49:59Z,1.1994946173183196,2024-06-29T05:50:01Z,1.1994946173183765,1d,2024-06-29T05:54:57Z
0.1672412961821237,2024-06-29T05:54:58Z,1.199494617318377,2024-06-30T06:00:02Z,1.2000047154113267,1d,2024-06-30T06:05:00Z
1.6371348721122558e-11,2024-06-30T06:05:01Z,1.2000047154113267,2024-07-01T06:05:01Z,1.2000047154113804,1d,2024-07-01T06:05:13Z
0.16775447622335493,2024-07-01T06:05:14Z,1.2000047154113804,2024-07-02T06:10:00Z,1.200516374984099,1d,2024-07-02T06:15:01Z
1.847832997725618e-11,2024-07-02T06:15:02Z,1.2005163749840992,2024-07-03T06:15:03Z,1.20051637498416,1d,2024-07-03T06:19:59Z
1.3810952381732022e-11,2024-07-03T06:20:00Z,1.2005163749841605,2024-07-04T06:25:00Z,1.200516374984206,1d,2024-07-04T06:30:00Z
0.1652365356194827,2024-07-04T06:30:01Z,1.2005163749842065,2024-07-05T06:30:02Z,1.2010194667040812,1d,2024-07-05T06:34:58Z
1.6370904631912708e-11,2024-07-05T06:34:59Z,1.2010194667040814,2024-07-06T06:35:01Z,1.2010194667041354,1d,2024-07-06T06:39:58Z
0.16492426541351835,2024-07-06T06:39:59Z,1.2010194667041358,2024-07-07T06:40:12Z,1.201521956740554,1d,2024-07-07T06:45:00Z
1.1022294188478554e-11,2024-07-07T06:45:01Z,1.201521956740554,2024-07-08T06:45:01Z,1.2015219567405904,1d,2024-07-08T06:49:58Z
0.16441773351826972,2024-07-08T06:49:59Z,1.201521956740591,2024-07-09T06:49:59Z,1.2020231491034412,1d,2024-07-09T06:54:59Z
1.518385417398349e-11,2024-07-09T06:55:00Z,1.2020231491034414,2024-07-10T07:00:01Z,1.2020231491034916,1d,2024-07-10T07:05:06Z
1.1793011012173338e-11,2024-07-10T07:05:07Z,1.2020231491034918,2024-07-11T07:09:58Z,1.202023149103531,1d,2024-07-11T07:15:09Z
0.16492569709962446,2024-07-11T07:15:10Z,1.2020231491035314,2024-07-12T07:19:59Z,1.2025276697427547,1d,2024-07-12T07:24:59Z
1.308397834520747e-11,2024-07-12T07:25:00Z,1.2025276697427552,2024-07-13T07:30:00Z,1.2025276697427985,1d,2024-07-13T07:34:58Z
0.1628858261499151,2024-07-13T07:34:59Z,1.202527669742799,2024-07-14T07:35:01Z,1.2030249541090234,1d,2024-07-14T07:39:58Z
1.0454970222895099e-11,2024-07-14T07:39:59Z,1.2030249541090237,2024-07-15T07:39:59Z,1.203024954109058,1d,2024-07-15T07:44:59Z
0.1635029932716785,2024-07-15T07:45:00Z,1.203024954109058,2024-07-16T07:45:02Z,1.2035241936517496,1d,2024-07-16T07:49:59Z
2.0582202608920852e-11,2024-07-16T07:50:00Z,1.2035241936517496,2024-07-17T07:50:15Z,1.2035241936518175,1d,2024-07-17T07:54:58Z
0.1680171298454105,2024-07-17T07:54:59Z,1.2035241936518188,2024-07-18T07:55:00Z,1.2040364082562534,1d,2024-07-18T08:00:02Z
1.3766543460747016e-11,2024-07-18T08:00:03Z,1.2040364082562536,2024-07-19T08:01:14Z,1.204036408256299,1d,2024-07-19T08:04:59Z
1.4912515666765103e-11,2024-07-19T08:05:00Z,1.2040364082562993,2024-07-20T08:05:00Z,1.2040364082563486,1d,2024-07-20T08:09:59Z
0.16395286051976132,2024-07-20T08:10:00Z,1.2040364082563486,2024-07-21T08:15:01Z,1.2045390771842788,1d,2024-07-21T08:19:58Z
1.6371126676517633e-11,2024-07-21T08:19:59Z,1.204539077184279,2024-07-22T08:20:00Z,1.204539077184333,1d,2024-07-22T08:24:59Z
0.16066229890549044,2024-07-22T08:25:00Z,1.2045390771843332,2024-07-23T08:25:00Z,1.2050308631060154,1d,2024-07-23T08:30:01Z
1.7100765248301286e-11,2024-07-23T08:30:02Z,1.2050308631060154,2024-07-24T08:30:02Z,1.2050308631060718,1d,2024-07-24T08:34:59Z
0.1598102791175342,2024-07-24T08:35:00Z,1.2050308631060727,2024-07-25T08:35:05Z,1.2055204527382894,1d,2024-07-25T08:39:59Z
1.0095702052126398e-11,2024-07-25T08:40:00Z,1.2055204527382894,2024-07-26T08:45:00Z,1.205520452738323,1d,2024-07-26T08:50:03Z
0.1617495632718391,2024-07-26T08:50:04Z,1.205520452738323,2024-07-27T08:54:57Z,1.206017413028001,1d,2024-07-27T09:00:01Z
0.00005447018871973519,2024-07-27T09:00:02Z,1.2060191696515017,2024-07-28T09:04:59Z,1.2060193502436058,1d,2024-07-28T09:09:59Z
8.803402451462716e-12,2024-07-28T09:10:00Z,1.2060193502436058,2024-07-29T09:15:01Z,1.2060193502436352,1d,2024-07-29T09:19:58Z
0.17098438614928768,2024-07-29T09:19:59Z,1.2060193502436352,2024-07-30T09:20:00Z,1.206541013792844,1d,2024-07-30T09:24:59Z
9.482414853323462e-12,2024-07-30T09:25:00Z,1.206541013792844,2024-07-31T09:25:00Z,1.2065410137928754,1d,2024-07-31T09:30:00Z
0.17199310541953405,2024-07-31T09:30:01Z,1.2065410137928758,2024-08-01T09:34:59Z,1.2070675547154592,1d,2024-08-01T09:39:58Z
2.528621756425764e-11,2024-08-01T09:39:59Z,1.2070675547154592,2024-08-02T09:40:00Z,1.207067554715543,1d,2024-08-02T09:45:00Z
0.1831190894476169,2024-08-02T09:45:01Z,1.2070675547155432,2024-08-03T09:45:02Z,1.2076237811488324,1d,2024-08-03T09:49:58Z
7.051026429394369e-12,2024-08-03T09:49:59Z,1.2076237811488324,2024-08-04T09:49:59Z,1.2076237811488557,1d,2024-08-04T09:54:59Z
0.1708148109213139,2024-08-04T09:55:00Z,1.2076237811488557,2024-08-05T09:55:00Z,1.2081456532791945,1d,2024-08-05T09:59:58Z
1.499356194756274e-11,2024-08-05T09:59:59Z,1.208145653279196,2024-08-06T09:59:59Z,1.2081456532792456,1d,2024-08-06T10:05:00Z
1.2357448397892767e-11,2024-08-06T10:05:01Z,1.2081456532792458,2024-08-07T10:09:59Z,1.208145653279287,1d,2024-08-07T10:15:00Z
0.16895656785925262,2024-08-07T10:15:01Z,1.2081456532792882,2024-08-08T10:15:02Z,1.208662497081523,1d,2024-08-08T10:19:58Z
1.3858914016395829e-11,2024-08-08T10:19:59Z,1.208662497081523,2024-08-09T10:19:59Z,1.208662497081569,1d,2024-08-09T10:24:59Z
0.17330293370240035,2024-08-09T10:25:00Z,1.2086624970815696,2024-08-10T10:25:01Z,1.2091918569438613,1d,2024-08-10T10:30:00Z
8.590905764549461e-12,2024-08-10T10:30:01Z,1.2091918569438618,2024-08-11T10:30:01Z,1.2091918569438902,1d,2024-08-11T10:34:58Z
0.17266920848352485,2024-08-11T10:34:59Z,1.2091918569438904,2024-08-12T10:39:59Z,1.209721484935427,1d,2024-08-12T10:44:58Z
8.5096374391469e-12,2024-08-12T10:44:59Z,1.209721484935427,2024-08-13T10:45:01Z,1.2097214849354552,1d,2024-08-13T10:49:58Z
0.164048759906128,2024-08-13T10:49:59Z,1.2097214849354552,2024-08-14T10:54:59Z,1.2102267956003943,1d,2024-08-14T10:59:59Z
1.191358123264763e-11,2024-08-14T11:00:00Z,1.2102267956003943,2024-08-15T11:00:01Z,1.2102267956004338,1d,2024-08-15T11:04:59Z
0.1631945257271279,2024-08-15T11:05:00Z,1.210226795600434,2024-08-16T11:05:00Z,1.2107281326491774,1d,2024-08-16T11:09:58Z
9.563461134121098e-12,2024-08-16T11:09:59Z,1.2107281326491774,2024-08-17T11:10:00Z,1.2107281326492092,1d,2024-08-17T11:14:58Z
0.16412322437616456,2024-08-17T11:14:59Z,1.2107281326492092,2024-08-18T11:15:01Z,1.21123233744872,1d,2024-08-18T11:19:59Z
1.0859757537673431e-11,2024-08-18T11:20:00Z,1.21123233744872,2024-08-19T11:20:03Z,1.211232337448756,1d,2024-08-19T11:24:58Z
0.15946305888231693,2024-08-19T11:24:59Z,1.211232337448756,2024-08-20T11:24:59Z,1.2117234241659556,1d,2024-08-20T11:29:58Z
1.0337952716099608e-11,2024-08-20T11:29:59Z,1.2117234241659556,2024-08-21T11:34:59Z,1.21172342416599,1d,2024-08-21T11:39:58Z
0.16401099530675944,2024-08-21T11:39:59Z,1.2117234241659902,2024-08-22T11:40:00Z,1.2122277174088587,1d,2024-08-22T11:44:59Z
1.0209832979057865e-11,2024-08-22T11:45:00Z,1.2122277174088587,2024-08-23T11:45:16Z,1.2122277174088927,1d,2024-08-23T11:49:58Z
8.427258890719713e-12,2024-08-23T11:49:59Z,1.2122277174088927,2024-08-24T11:50:15Z,1.2122277174089207,1d,2024-08-24T11:54:58Z
0.17203820558249205,2024-08-24T11:54:59Z,1.2122277174089207,2024-08-25T11:55:00Z,1.212755055239151,1d,2024-08-25T12:00:00Z
7.293055048762653e-12,2024-08-25T12:00:01Z,1.212755055239151,2024-08-26T12:00:13Z,1.2127550552391753,1d,2024-08-26T12:04:58Z
0.19922108163433738,2024-08-26T12:04:59Z,1.2127550552391753,2024-08-27T12:04:59Z,1.2133588327095495,1d,2024-08-27T12:05:14Z
9.289680136248535e-12,2024-08-27T12:05:15Z,1.2133588327095495,2024-08-28T12:09:59Z,1.2133588327095806,1d,2024-08-28T12:14:58Z
0.19046389508079997,2024-08-28T12:14:59Z,1.213358832709581,2024-08-29T12:19:57Z,1.213940534596416,1d,2024-08-29T12:24:59Z
7.375211552584915e-12,2024-08-29T12:25:00Z,1.213940534596416,2024-08-30T12:25:00Z,1.2139405345964407,1d,2024-08-30T12:29:58Z
0.1822605194866045,2024-08-30T12:29:59Z,1.213940534596441,2024-08-31T12:30:01Z,1.21449751906288,1d,2024-08-31T12:34:55Z
5.754063892027261e-12,2024-08-31T12:34:56Z,1.21449751906288,2024-09-01T12:35:00Z,1.214497519062899,1d,2024-09-01T12:39:59Z
0.1900619152450953,2024-09-01T12:40:00Z,1.214497519062899,2024-09-02T12:40:01Z,1.2150766474913046,1d,2024-09-02T12:44:58Z
1.2721823594574744e-11,2024-09-02T12:44:59Z,1.2150766474913046,2024-09-03T12:45:15Z,1.215076647491347,1d,2024-09-03T12:45:26Z
0.19307488963155017,2024-09-03T12:45:27Z,1.215076647491347,2024-09-04T12:50:00Z,1.2156663247921295,1d,2024-09-04T12:54:59Z
8.590905764549461e-12,2024-09-04T12:55:00Z,1.2156663247921295,2024-09-05T12:55:00Z,1.2156663247921582,1d,2024-09-05T13:00:01Z
0.1812287759574378,2024-09-05T13:00:02Z,1.2156663247921586,2024-09-06T13:00:14Z,1.2162212560932464,1d,2024-09-06T13:04:59Z
4.514277840428349e-11,2024-09-06T13:05:00Z,1.2162212560932464,2024-09-07T13:05:00Z,1.216221256093397,1d,2024-09-07T13:09:59Z
5.249800594242515e-12,2024-09-07T13:10:00Z,1.216221256093397,2024-09-08T13:14:59Z,1.2162212560934145,1d,2024-09-08T13:19:59Z
0.17980384970957863,2024-09-08T13:20:00Z,1.2162212560934147,2024-09-09T13:20:00Z,1.2167723397839705,1d,2024-09-09T13:24:56Z
1.0452527732240924e-11,2024-09-09T13:24:57Z,1.2167723397839707,2024-09-10T13:25:17Z,1.2167723397840056,1d,2024-09-10T13:25:27Z
0.17309397335280008,2024-09-10T13:25:28Z,1.2167723397840056,2024-09-11T13:30:01Z,1.21730633366654,1d,2024-09-11T13:34:59Z
1.0661249660870453e-11,2024-09-11T13:35:00Z,1.21730633366654,2024-09-12T13:39:58Z,1.2173063336665757,1d,2024-09-12T13:44:58Z
0.17747307738344742,2024-09-12T13:44:59Z,1.2173063336665757,2024-09-13T13:45:01Z,1.2178513234895014,1d,2024-09-13T13:49:59Z
1.0418998996897244e-11,2024-09-13T13:50:00Z,1.2178513234895023,2024-09-14T13:54:59Z,1.2178513234895372,1d,2024-09-14T13:59:58Z
0.17392270893638306,2024-09-14T13:59:59Z,1.2178513234895372,2024-09-15T14:00:01Z,1.2183864768052837,1d,2024-09-15T14:04:59Z
1.0941247907680918e-11,2024-09-15T14:05:00Z,1.218386476805284,2024-09-16T14:05:00Z,1.2183864768053203,1d,2024-09-16T14:09:58Z
0.16455480172992343,2024-09-16T14:09:59Z,1.218386476805321,2024-09-17T14:10:01Z,1.2188951087379936,1d,2024-09-17T14:14:59Z
9.563461134121098e-12,2024-09-17T14:15:00Z,1.2188951087379936,2024-09-18T14:15:00Z,1.2188951087380255,1d,2024-09-18T14:19:58Z
0.1783558390269202,2024-09-18T14:19:59Z,1.2188951087380255,2024-09-19T14:19:59Z,1.2194433010140786,1d,2024-09-19T14:24:58Z
1.596589527252945e-11,2024-09-19T14:24:59Z,1.2194433010140786,2024-09-20T14:25:00Z,1.219443301014132,1d,2024-09-20T14:29:58Z
1.4941825554615207e-11,2024-09-20T14:29:59Z,1.219443301014132,2024-09-21T14:34:58Z,1.2194433010141819,1d,2024-09-21T14:39:59Z
0.17142696716770978,2024-09-21T14:40:00Z,1.2194433010141834,2024-09-22T14:40:00Z,1.2199720280236894,1d,2024-09-22T14:44:59Z
9.562350911096473e-12,2024-09-22T14:45:00Z,1.2199720280236896,2024-09-23T14:45:11Z,1.2199720280237216,1d,2024-09-23T14:49:59Z
0.17020653354454662,2024-09-23T14:50:00Z,1.2199720280237216,2024-09-24T14:54:58Z,1.2204993115192246,1d,2024-09-24T14:59:59Z
1.5882628545682564e-11,2024-09-24T15:00:00Z,1.2204993115192246,2024-09-25T15:00:13Z,1.2204993115192777,1d,2024-09-25T15:04:58Z
0.15526389861076373,2024-09-25T15:04:59Z,1.2204993115192777,2024-09-26T15:09:59Z,1.2209836948624029,1d,2024-09-26T15:14:55Z
6.078249015217807e-12,2024-09-26T15:14:56Z,1.2209836948624029,2024-09-27T15:14:59Z,1.220983694862423,1d,2024-09-27T15:15:10Z
0.17461188449595944,2024-09-27T15:15:11Z,1.220983694862423,2024-09-28T15:19:59Z,1.2215239716648016,1d,2024-09-28T15:24:58Z
9.806599976514008e-12,2024-09-28T15:24:59Z,1.2215239716648016,2024-09-29T15:24:59Z,1.2215239716648345,1d,2024-09-29T15:29:57Z
0.18814661272247135,2024-09-29T15:29:58Z,1.2215239716648345,2024-09-30T15:30:00Z,1.2221010642192556,1d,2024-09-30T15:34:57Z
7.753797603982093e-12,2024-09-30T15:34:58Z,1.2221010642192556,2024-10-01T15:39:55Z,1.2221010642192816,1d,2024-10-01T15:44:57Z
7.268852186825825e-12,2024-10-01T15:44:58Z,1.2221010642192816,2024-10-02T15:49:58Z,1.222101064219306,1d,2024-10-02T15:54:52Z
0.18533366038647014,2024-10-02T15:54:53Z,1.222101064219306,2024-10-03T15:55:00Z,1.222670522108487,1d,2024-10-03T15:59:57Z
6.564748744608551e-12,2024-10-03T15:59:58Z,1.2226705221084873,2024-10-04T15:59:59Z,1.2226705221085092,1d,2024-10-04T16:00:11Z
0.18553152452831978,2024-10-04T16:00:12Z,1.2226705221085092,2024-10-05T16:00:13Z,1.223240765165154,1d,2024-10-05T16:04:59Z
3.8902214782865485e-12,2024-10-05T16:05:00Z,1.2232407651651542,2024-10-06T16:05:02Z,1.2232407651651673,1d,2024-10-06T16:05:14Z
0.18285809627993443,2024-10-06T16:05:15Z,1.2232407651651673,2024-10-07T16:05:32Z,1.2238038088856902,1d,2024-10-07T16:09:56Z
1.2803980098397005e-11,2024-10-07T16:09:57Z,1.2238038088856904,2024-10-08T16:10:06Z,1.2238038088857333,1d,2024-10-08T16:15:05Z
0.18347601796161994,2024-10-08T16:15:06Z,1.223803808885734,2024-10-09T16:15:11Z,1.2243687855195473,1d,2024-10-09T16:19:56Z
3.5138114640176354e-11,2024-10-09T16:19:57Z,1.2243687855195473,2024-10-10T16:24:45Z,1.2243687855196657,1d,2024-10-10T16:29:43Z
2.334132886971929e-11,2024-10-10T16:29:44Z,1.2243687855196657,2024-10-11T16:29:44Z,1.224368785519744,1d,2024-10-11T16:34:42Z
0.1836674546064796,2024-10-11T16:34:43Z,1.2243687855197447,2024-10-12T16:34:43Z,1.2249345330755845,1d,2024-10-12T16:39:40Z
1.41824330057716e-11,2024-10-12T16:39:41Z,1.2249345330755848,2024-10-13T16:39:45Z,1.2249345330756323,1d,2024-10-13T16:44:42Z
0.18323063912082604,2024-10-13T16:44:43Z,1.2249345330756325,2024-10-14T16:44:44Z,1.2254993093078126,1d,2024-10-14T16:49:42Z
1.3534506848600358e-11,2024-10-14T16:49:43Z,1.2254993093078128,2024-10-15T16:49:44Z,1.2254993093078583,1d,2024-10-15T16:54:41Z
0.18556777494229504,2024-10-15T16:54:42Z,1.2254993093078588,2024-10-16T16:59:42Z,1.2260729531703511,1d,2024-10-16T17:04:45Z
1.2601253374100452e-11,2024-10-16T17:04:46Z,1.2260729531703511,2024-10-17T17:09:33Z,1.2260729531703936,1d,2024-10-17T17:14:44Z
1.3534506848600358e-11,2024-10-17T17:14:45Z,1.2260729531703936,2024-10-18T17:14:46Z,1.226072953170439,1d,2024-10-18T17:19:43Z
0.19209735628945657,2024-10-18T17:19:44Z,1.226072953170439,2024-10-19T17:24:24Z,1.2266652514156868,1d,2024-10-19T17:29:23Z
5.0968562703701537e-11,2024-10-19T17:29:24Z,1.226665251415688,2024-10-20T17:29:40Z,1.2266652514158591,1d,2024-10-20T17:34:38Z
0.1996535732282123,2024-10-20T17:34:39Z,1.2266652514158598,2024-10-21T17:34:45Z,1.2272772090770996,1d,2024-10-21T17:39:38Z
3.117839320054827e-11,2024-10-21T17:39:39Z,1.2272772090770996,2024-10-22T17:44:31Z,1.2272772090772048,1d,2024-10-22T17:49:14Z
0.2147647551094487,2024-10-22T17:49:15Z,1.2272772090772057,2024-10-23T17:54:39Z,1.2279339948919514,1d,2024-10-23T17:59:46Z
1.8739676477252942e-11,2024-10-23T17:59:47Z,1.2279339948919519,2024-10-24T18:04:38Z,1.2279339948920152,1d,2024-10-24T18:09:33Z
0.21944002564821763,2024-10-24T18:09:34Z,1.2279339948920152,2024-10-25T18:09:46Z,1.228601699154114,1d,2024-10-25T18:14:43Z
7.268918800207302e-11,2024-10-25T18:14:44Z,1.2286016991541142,2024-10-26T18:19:44Z,1.2286016991543598,1d,2024-10-26T18:24:42Z
2.621036720995562e-10,2024-10-26T18:24:43Z,1.22860169915436,2024-10-27T18:24:43Z,1.2286016991552422,1d,2024-10-27T18:29:42Z
0.2274277227671293,2024-10-27T18:29:43Z,1.2286016991552424,2024-10-28T18:29:45Z,1.2292916784301573,1d,2024-10-28T18:34:42Z
2.0669283751217904e-7,2024-10-28T18:34:43Z,1.2292916784301575,2024-10-29T18:34:43Z,1.229291679126283,1d,2024-10-29T18:39:38Z
0.20495315780082413,2024-10-29T18:39:39Z,1.2292916791262831,2024-10-30T18:39:42Z,1.22991977912431,1d,2024-10-30T18:44:42Z
3.621137012466136e-8,2024-10-30T18:44:43Z,1.22991977912431,2024-10-31T18:44:45Z,1.2299197792463321,1d,2024-10-31T18:49:42Z
0.2134156845919588,2024-10-31T18:49:43Z,1.2299197792463321,2024-11-01T18:49:44Z,1.2305717808499061,1d,2024-11-01T18:54:42Z
8.965272968453064e-12,2024-11-01T18:54:43Z,1.2305717808499064,2024-11-02T18:59:41Z,1.2305717808499368,1d,2024-11-02T19:04:43Z
8.671952045347098e-12,2024-11-02T19:04:44Z,1.2305717808499368,2024-11-03T19:04:44Z,1.230571780849966,1d,2024-11-03T19:09:42Z
0.19820115817389117,2024-11-03T19:09:43Z,1.230571780849966,2024-11-04T19:14:41Z,1.231183662170328,1d,2024-11-04T19:19:44Z
1.4085566935051475e-8,2024-11-04T19:19:45Z,1.231183662170328,2024-11-05T19:24:41Z,1.231183662218003,1d,2024-11-05T19:29:41Z
0.19408590494748346,2024-11-05T19:29:42Z,1.2311836622180483,2024-11-06T19:34:41Z,1.2317842039923705,1d,2024-11-06T19:39:41Z
6.211993379690028e-7,2024-11-06T19:39:42Z,1.2317842039923705,2024-11-07T19:39:45Z,1.231784206088836,1d,2024-11-07T19:44:41Z
0.19994589746276548,2024-11-07T19:44:42Z,1.231784206088836,2024-11-08T19:44:45Z,1.232399518826115,1d,2024-11-08T19:49:43Z
6.483480419205989e-12,2024-11-08T19:49:44Z,1.232399518826115,2024-11-09T19:49:46Z,1.232399518826137,1d,2024-11-09T19:54:40Z
1.280509032142163e-11,2024-11-09T19:54:41Z,1.232399518826137,2024-11-10T19:54:43Z,1.2323995188261803,1d,2024-11-10T19:59:42Z
0.20490628715306447,2024-11-10T19:59:43Z,1.2323995188261803,2024-11-11T19:59:44Z,1.2330290607700398,1d,2024-11-11T20:04:44Z
0.00000281938373603019,2024-11-11T20:04:45Z,1.2330290607700398,2024-11-12T20:09:41Z,1.2330290703269904,1d,2024-11-12T20:14:44Z
0.19653549576203133,2024-11-12T20:14:45Z,1.2330290703269906,2024-11-13T20:19:42Z,1.2336374485592996,1d,2024-11-13T20:24:37Z
4.1923131632870536e-10,2024-11-13T20:24:38Z,1.2336374485592996,2024-11-14T20:29:43Z,1.2336374485607216,1d,2024-11-14T20:34:41Z
0.22086536584360106,2024-11-14T20:34:42Z,1.2336374485607218,2024-11-15T20:39:45Z,1.234314477972548,1d,2024-11-15T20:44:44Z
2.5581261553497825e-9,2024-11-15T20:44:45Z,1.234314477972548,2024-11-16T20:49:44Z,1.2343144779812285,1d,2024-11-16T20:54:35Z
0.2444607316520715,2024-11-16T20:54:36Z,1.2343144779812287,2024-11-17T20:54:46Z,1.2350543671712977,1d,2024-11-17T20:59:43Z
8.422645936256856e-8,2024-11-17T20:59:44Z,1.235054367171298,2024-11-18T20:59:44Z,1.235054367456296,1d,2024-11-18T21:04:42Z
0.24247965848141417,2024-11-18T21:04:43Z,1.235054367456296,2024-11-19T21:04:46Z,1.235789245897543,1d,2024-11-19T21:09:44Z
6.167555355318655e-11,2024-11-19T21:09:45Z,1.2357892458975435,2024-11-20T21:09:46Z,1.2357892458977522,1d,2024-11-20T21:14:43Z
1.6004899250354754e-7,2024-11-20T21:14:44Z,1.2357892458977522,2024-11-21T21:14:44Z,1.2357892464396338,1d,2024-11-21T21:19:39Z
0.2771459369108775,2024-11-21T21:19:40Z,1.2357892464396338,2024-11-22T21:19:44Z,1.2366178048005085,1d,2024-11-22T21:24:41Z
1.5107219031307295e-8,2024-11-22T21:24:42Z,1.2366178048005088,2024-11-23T21:24:46Z,1.2366178048516943,1d,2024-11-23T21:29:35Z
0.2991427038912198,2024-11-23T21:29:36Z,1.2366178048516943,2024-11-24T21:29:38Z,1.237504796903118,1d,2024-11-24T21:34:41Z
9.862282812633794e-8,2024-11-24T21:34:42Z,1.2375047969031185,2024-11-25T21:39:22Z,1.2375047972385753,1d,2024-11-25T21:44:43Z
0.2453014604311301,2024-11-25T21:44:44Z,1.2375047972385755,2024-11-26T21:49:31Z,1.2382512761894222,1d,2024-11-26T21:54:18Z
1.8006263147185564e-11,2024-11-26T21:54:19Z,1.2382512761894227,2024-11-27T21:59:41Z,1.238251276189484,1d,2024-11-27T22:04:44Z
0.2351157498896992,2024-11-27T22:04:45Z,1.2382512761894842,2024-11-28T22:04:46Z,1.2389678614659465,1d,2024-11-28T22:09:33Z
9.690470648138216e-12,2024-11-28T22:09:34Z,1.2389678614659465,2024-11-29T22:14:47Z,1.2389678614659796,1d,2024-11-29T22:19:32Z
0.29359260449542823,2024-11-29T22:19:33Z,1.2389678614659796,2024-11-30T22:19:45Z,1.2398420971770232,1d,2024-11-30T22:24:44Z
6.445044498093466e-11,2024-11-30T22:24:45Z,1.2398420971770234,2024-12-01T22:29:46Z,1.239842097177243,1d,2024-12-01T22:34:43Z
0.2899921661481053,2024-12-01T22:34:44Z,1.239842097177243,2024-12-02T22:34:46Z,1.2407073740977363,1d,2024-12-02T22:39:46Z
1.191358123264763e-11,2024-12-02T22:39:47Z,1.2407073740977366,2024-12-03T22:39:48Z,1.240707374097777,1d,2024-12-03T22:44:46Z
0.2937334417153601,2024-12-03T22:44:47Z,1.2407073740977772,2024-12-04T22:49:31Z,1.2415859654567898,1d,2024-12-04T22:54:43Z
1.8959500636128723e-11,2024-12-04T22:54:44Z,1.2415859654567907,2024-12-05T22:55:08Z,1.2415859654568553,1d,2024-12-05T22:59:49Z
1.2318812636635812e-11,2024-12-05T22:59:50Z,1.2415859654568555,2024-12-06T22:59:52Z,1.2415859654568975,1d,2024-12-06T23:04:36Z
0.2739207709304763,2024-12-06T23:04:37Z,1.2415859654568977,2024-12-07T23:09:40Z,1.2424126551224066,1d,2024-12-07T23:14:41Z
3.039013485306441e-11,2024-12-07T23:14:42Z,1.2424126551224066,2024-12-08T23:14:48Z,1.24241265512251,1d,2024-12-08T23:19:39Z
0.2696784827574601,2024-12-08T23:19:40Z,1.24241265512251,2024-12-09T23:24:45Z,1.243228512541966,1d,2024-12-09T23:29:45Z
1.4264145420384011e-11,2024-12-09T23:29:46Z,1.243228512541966,2024-12-10T23:29:46Z,1.2432285125420146,1d,2024-12-10T23:34:47Z
0.22522210293716594,2024-12-10T23:34:48Z,1.2432285125420146,2024-12-11T23:39:44Z,1.2439229320809593,1d,2024-12-11T23:44:47Z
8.555976724888836e-7,2024-12-11T23:44:48Z,1.2439229320809595,2024-12-12T23:49:44Z,1.2439229350068315,1d,2024-12-12T23:54:47Z
0.22530674882317303,2024-12-12T23:54:48Z,1.2439229350068317,2024-12-13T23:59:47Z,1.244618002857809,1d,2024-12-14T00:04:46Z
9.312217663648426e-11,2024-12-14T00:04:47Z,1.2446180028578093,2024-12-15T00:04:47Z,1.2446180028581268,1d,2024-12-15T00:09:38Z
0.22113785048839385,2024-12-15T00:09:39Z,1.2446180028581268,2024-12-16T00:09:41Z,1.2452994479275779,1d,2024-12-16T00:14:32Z
2.6380772011336262e-8,2024-12-16T00:14:33Z,1.2452994479275783,2024-12-17T00:14:44Z,1.2452994480175952,1d,2024-12-17T00:19:43Z
0.2137513411507641,2024-12-17T00:19:44Z,1.2452994480175952,2024-12-18T00:19:48Z,1.245960569760095,1d,2024-12-18T00:24:46Z
7.788731342106558e-7,2024-12-18T00:24:47Z,1.245960569760095,2024-12-19T00:24:47Z,1.245960572418848,1d,2024-12-19T00:29:43Z
0.20567731928054322,2024-12-19T00:29:44Z,1.245960572418848,2024-12-20T00:34:46Z,1.2466014520275865,1d,2024-12-20T00:39:46Z
8.785984162429372e-9,2024-12-20T00:39:47Z,1.2466014520275868,2024-12-21T00:39:47Z,1.2466014520575939,1d,2024-12-21T00:44:46Z
0.22752893484965386,2024-12-21T00:44:47Z,1.2466014520575939,2024-12-22T00:44:48Z,1.247301813613223,1d,2024-12-22T00:49:46Z
6.461275958713486e-12,2024-12-22T00:49:47Z,1.2473018136132232,2024-12-23T00:54:47Z,1.2473018136132454,1d,2024-12-23T00:59:48Z
0.22722293036513896,2024-12-23T00:59:49Z,1.2473018136132457,2024-12-24T00:59:49Z,1.2480017080736028,1d,2024-12-24T01:04:46Z
2.998712389512548e-12,2024-12-24T01:04:47Z,1.2480017080736028,2024-12-25T01:04:47Z,1.248001708073613,1d,2024-12-25T01:09:46Z
0.21336102634996545,2024-12-25T01:09:47Z,1.248001708073613,2024-12-26T01:09:47Z,1.248663133457081,1d,2024-12-26T01:14:46Z
7.294165271787278e-12,2024-12-26T01:14:47Z,1.2486631334570812,2024-12-27T01:14:48Z,1.2486631334571063,1d,2024-12-27T01:19:46Z
0.21058771750284055,2024-12-27T01:19:47Z,1.2486631334571066,2024-12-28T01:19:47Z,1.2493170771446167,1d,2024-12-28T01:24:47Z
2.2290822521142672e-8,2024-12-28T01:24:48Z,1.2493170771446167,2024-12-29T01:29:47Z,1.2493170772211775,1d,2024-12-29T01:34:47Z
0.21607145822221518,2024-12-29T01:34:48Z,1.2493170772211775,2024-12-30T01:34:48Z,1.249986841171805,1d,2024-12-30T01:39:46Z
9.401368572525826e-12,2024-12-30T01:39:47Z,1.2499868411718051,2024-12-31T01:39:47Z,1.2499868411718373,1d,2024-12-31T01:44:46Z
0.218110622716279,2024-12-31T01:44:47Z,1.2499868411718376,2025-01-01T01:44:49Z,1.250662720677396,1d,2025-01-01T01:49:47Z
5.25002263884744e-12,2025-01-01T01:49:48Z,1.250662720677396,2025-01-02T01:54:45Z,1.250662720677414,1d,2025-01-02T01:59:44Z
0.21998455739445433,2025-01-02T01:59:45Z,1.2506627206774141,2025-01-03T01:59:47Z,1.251344235835462,1d,2025-01-03T02:04:46Z
9.818734643118887e-7,2025-01-03T02:04:47Z,1.2513442358354623,2025-01-04T02:09:45Z,1.2513442392132672,1d,2025-01-04T02:14:45Z
0.21317709225571857,2025-01-04T02:14:46Z,1.2513442392132672,2025-01-05T02:19:47Z,1.252009225322358,1d,2025-01-05T02:24:45Z
1.5881774118042813e-8,2025-01-05T02:24:46Z,1.252009225322358,2025-01-06T02:29:47Z,1.252009225377025,1d,2025-01-06T02:34:46Z
0.22886285592670497,2025-01-06T02:34:47Z,1.252009225377025,2025-01-07T02:34:47Z,1.2527163445021379,1d,2025-01-07T02:39:46Z
6.3806737671257e-12,2025-01-07T02:39:47Z,1.2527163445021379,2025-01-08T02:44:45Z,1.2527163445021599,1d,2025-01-08T02:49:46Z
0.22800700201519586,2025-01-08T02:49:47Z,1.25271634450216,2025-01-09T02:49:47Z,1.2534214704980062,1d,2025-01-09T02:54:45Z
6.197538038321682e-10,2025-01-09T02:54:46Z,1.2534214704980065,2025-01-10T02:54:47Z,1.2534214705001347,1d,2025-01-10T02:59:47Z
0.24514017705500635,2025-01-10T02:59:48Z,1.253421470500135,2025-01-11T02:59:48Z,1.2541746015918307,1d,2025-01-11T03:04:47Z
1.3387224662153585e-9,2025-01-11T03:04:48Z,1.2541746015918438,2025-01-12T03:04:48Z,1.254174601596444,1d,2025-01-12T03:09:45Z
0.2334257566622504,2025-01-12T03:09:46Z,1.254174601596461,2025-01-13T03:09:48Z,1.254895702615937,1d,2025-01-13T03:14:47Z
2.2865065396615591e-10,2025-01-13T03:14:48Z,1.254895702615937,2025-01-14T03:19:47Z,1.2548957026167258,1d,2025-01-14T03:24:46Z
0.19801879809957157,2025-01-14T03:24:47Z,1.254895702616726,2025-01-15T03:29:46Z,1.2555191604324765,1d,2025-01-15T03:34:46Z
6.564748744608551e-12,2025-01-15T03:34:47Z,1.2555191604324765,2025-01-16T03:34:48Z,1.2555191604324991,1d,2025-01-16T03:39:46Z
7.375211552584915e-12,2025-01-16T03:39:47Z,1.2555191604324991,2025-01-17T03:39:47Z,1.2555191604325244,1d,2025-01-17T03:44:44Z
0.24699356262060723,2025-01-17T03:44:45Z,1.2555191604325244,2025-01-18T03:44:48Z,1.2562786976951759,1d,2025-01-18T03:49:46Z
7.967659865215637e-10,2025-01-18T03:49:47Z,1.2562786976951759,2025-01-19T03:49:47Z,1.2562786976979183,1d,2025-01-19T03:54:45Z
0.22999526003353266,2025-01-19T03:54:46Z,1.2562786976979183,2025-01-20T03:54:47Z,1.2569914084458045,1d,2025-01-20T03:59:46Z
1.993738507621856e-11,2025-01-20T03:59:47Z,1.256991408445805,2025-01-21T03:59:47Z,1.2569914084458735,1d,2025-01-21T04:04:43Z
0.26502103571306046,2025-01-21T04:04:44Z,1.2569914084458738,2025-01-22T04:09:45Z,1.2578040930127252,1d,2025-01-22T04:14:45Z
1.3696821454800556e-11,2025-01-22T04:14:46Z,1.2578040930127254,2025-01-23T04:14:46Z,1.2578040930127727,1d,2025-01-23T04:19:46Z
0.3461751496691561,2025-01-23T04:19:47Z,1.2578040930127727,2025-01-24T04:19:47Z,1.2588289050373063,1d,2025-01-24T04:24:45Z
0.0000010396231653331256,2025-01-24T04:24:46Z,1.2588289050373063,2025-01-25T04:29:46Z,1.2588289086352547,1d,2025-01-25T04:34:45Z
0.25529954131816646,2025-01-25T04:34:46Z,1.2588289086352547,2025-01-26T04:34:47Z,1.2596133407686287,1d,2025-01-26T04:39:46Z
7.132072710192006e-12,2025-01-26T04:39:47Z,1.2596133407686287,2025-01-27T04:39:47Z,1.2596133407686534,1d,2025-01-27T04:44:42Z
0.29328691094766013,2025-01-27T04:44:43Z,1.2596133407686534,2025-01-28T04:44:47Z,1.260501245722177,1d,2025-01-28T04:49:44Z
8.641753979077293e-12,2025-01-28T04:49:45Z,1.260501245722177,2025-01-29T04:54:46Z,1.260501245722207,1d,2025-01-29T04:59:45Z
0.26377034199747196,2025-01-29T04:59:46Z,1.260501245722207,2025-01-30T04:59:47Z,1.261309960484335,1d,2025-01-30T05:04:46Z
1.3696821454800556e-11,2025-01-30T05:04:47Z,1.2613099604843352,2025-01-31T05:04:47Z,1.2613099604843825,1d,2025-01-31T05:09:46Z
0.2587516853020664,2025-01-31T05:09:47Z,1.261309960484383,2025-02-01T05:14:46Z,1.262108179387346,1d,2025-02-01T05:19:45Z
9.401368572525826e-12,2025-02-01T05:19:46Z,1.2621081793873465,2025-02-02T05:19:47Z,1.2621081793873792,1d,2025-02-02T05:24:46Z
0.27714127400617516,2025-02-02T05:24:47Z,1.26210817938738,2025-02-03T05:24:48Z,1.2629543417526183,1d,2025-02-03T05:29:46Z
7.568632340859693e-7,2025-02-03T05:29:47Z,1.2629543417526183,2025-02-04T05:34:46Z,1.2629543443805398,1d,2025-02-04T05:39:45Z
0.2623158830308152,2025-02-04T05:39:46Z,1.26295434438054,2025-02-05T05:39:47Z,1.2637606458705883,1d,2025-02-05T05:44:46Z
5.67323965583455e-12,2025-02-05T05:44:47Z,1.2637606458705883,2025-02-06T05:44:47Z,1.263760645870608,1d,2025-02-06T05:49:46Z
0.22129091667402312,2025-02-06T05:49:47Z,1.2637606458706085,2025-02-07T05:49:47Z,1.2644529899806196,1d,2025-02-07T05:54:46Z
7.537304114180188e-12,2025-02-07T05:54:47Z,1.2644529899806196,2025-02-08T05:54:48Z,1.2644529899806458,1d,2025-02-08T05:59:46Z
0.20029881636786828,2025-02-08T05:59:47Z,1.2644529899806458,2025-02-09T05:59:47Z,1.2650856190474178,1d,2025-02-09T06:04:46Z
5.349054532644004e-12,2025-02-09T06:04:47Z,1.2650856190474178,2025-02-10T06:04:47Z,1.2650856190474362,1d,2025-02-10T06:09:46Z
0.2165497240484826,2025-02-10T06:09:47Z,1.2650856190474362,2025-02-11T06:09:48Z,1.2657652080384008,1d,2025-02-11T06:14:46Z
7.268852186825825e-12,2025-02-11T06:14:47Z,1.2657652080384008,2025-02-12T06:19:47Z,1.265765208038426,1d,2025-02-12T06:24:45Z
0.2290331910745924,2025-02-12T06:24:46Z,1.2657652080384263,2025-02-13T06:24:47Z,1.2664805855761674,1d,2025-02-13T06:29:46Z
1.453859255207135e-11,2025-02-13T06:29:47Z,1.2664805855761678,2025-02-14T06:34:43Z,1.2664805855762185,1d,2025-02-14T06:39:46Z
0.23129440338086082,2025-02-14T06:39:47Z,1.2664868608457927,2025-02-15T06:39:47Z,1.2672090196037082,1d,2025-02-15T06:44:43Z
0.2016283578537723,2025-02-15T06:44:44Z,1.2672090196037082,2025-02-16T06:44:47Z,1.2678468951501534,1d,2025-02-16T06:49:46Z
1.0151613993869546e-8,2025-02-16T06:49:47Z,1.2678468951501538,2025-02-17T06:49:47Z,1.267846895185416,1d,2025-02-17T06:54:46Z
0.19570547031713303,2025-02-17T06:54:47Z,1.267846895185416,2025-02-18T06:54:47Z,1.268467897476118,1d,2025-02-18T06:59:46Z
8.1574746957358e-12,2025-02-18T06:59:47Z,1.2684678974761185,2025-02-19T07:04:46Z,1.268467897476147,1d,2025-02-19T07:09:46Z
0.18783248729011248,2025-02-19T07:09:47Z,1.268467897476147,2025-02-20T07:09:47Z,1.2690662348288242,1d,2025-02-20T07:14:45Z
7.107425759045327e-12,2025-02-20T07:14:46Z,1.2690662348288242,2025-02-21T07:19:45Z,1.269066234828849,1d,2025-02-21T07:24:46Z
0.18925654870209185,2025-02-21T07:24:47Z,1.269066234828849,2025-02-22T07:24:47Z,1.2696690222503126,1d,2025-02-22T07:29:46Z
4.53859172466764e-12,2025-02-22T07:29:47Z,1.2696690222503126,2025-02-23T07:29:48Z,1.2696690222503284,1d,2025-02-23T07:34:46Z
0.19063009170894252,2025-02-23T07:34:47Z,1.2696690222503284,2025-02-24T07:34:47Z,1.270276113160515,1d,2025-02-24T07:39:46Z
8.501754855672061e-11,2025-02-24T07:39:47Z,1.270276113160515,2025-02-25T07:39:47Z,1.270276113160811,1d,2025-02-25T07:44:46Z
0.20029865106027178,2025-02-25T07:44:47Z,1.2702761131608111,2025-02-26T07:44:48Z,1.270911662521226,1d,2025-02-26T07:49:46Z
1.8520291078516493e-8,2025-02-26T07:49:47Z,1.2709116625212267,2025-02-27T07:49:47Z,1.2709116625857135,1d,2025-02-27T07:54:46Z
0.20493998681799708,2025-02-27T07:54:47Z,1.2709116625857135,2025-02-28T07:54:47Z,1.271560967459132,1d,2025-02-28T07:59:46Z
4.6198600500702014e-11,2025-02-28T07:59:47Z,1.271560967459132,2025-03-01T08:04:46Z,1.2715609674592934,1d,2025-03-01T08:09:46Z
0.19417781677264112,2025-03-01T08:09:47Z,1.2715609674592943,2025-03-02T08:09:47Z,1.2721793330444133,1d,2025-03-02T08:14:46Z
6.969980148596733e-12,2025-03-02T08:14:47Z,1.2721793330444133,2025-03-03T08:14:47Z,1.2721793330444375,1d,2025-03-03T08:19:46Z
0.1931919920291456,2025-03-03T08:19:47Z,1.2721793330444375,2025-03-04T08:19:47Z,1.2727951194516463,1d,2025-03-04T08:24:45Z
7.780442956573097e-12,2025-03-04T08:24:46Z,1.2727951194516463,2025-03-05T08:24:47Z,1.2727951194516733,1d,2025-03-05T08:29:46Z
0.18994084337621175,2025-03-05T08:29:47Z,1.2727951194516733,2025-03-06T08:29:48Z,1.2734016919094613,1d,2025-03-06T08:34:46Z
6.461275958713486e-12,2025-03-06T08:34:47Z,1.2734016919094613,2025-03-07T08:39:47Z,1.273401691909484,1d,2025-03-07T08:44:46Z
0.18272093254896937,2025-03-07T08:44:47Z,1.273401691909484,2025-03-08T08:44:47Z,1.2739873040334653,1d,2025-03-08T08:49:46Z
4.4575454438700035e-12,2025-03-08T08:49:47Z,1.2739873040334653,2025-03-09T08:49:47Z,1.2739873040334808,1d,2025-03-09T08:54:47Z
0.17130055374497588,2025-03-09T08:54:48Z,1.2739873040334808,2025-03-10T08:54:48Z,1.2745393034226375,1d,2025-03-10T08:59:46Z
1.110334046927619e-11,2025-03-10T08:59:47Z,1.2745393034226375,2025-03-11T08:59:47Z,1.2745393034226764,1d,2025-03-11T09:04:46Z
0.1972972677835414,2025-03-11T09:04:47Z,1.2745393034226769,2025-03-12T09:04:47Z,1.2751682315238262,1d,2025-03-12T09:09:47Z
1.3165246670610031e-11,2025-03-12T09:09:48Z,1.2751682315238262,2025-03-13T09:14:46Z,1.2751682315238724,1d,2025-03-13T09:19:46Z
0.18743344699573306,2025-03-13T09:19:47Z,1.2751682315238726,2025-03-14T09:19:48Z,1.275768561985691,1d,2025-03-14T09:24:46Z
5.976774630767068e-12,2025-03-14T09:24:47Z,1.275768561985691,2025-03-15T09:29:47Z,1.275768561985712,1d,2025-03-15T09:34:46Z
0.17401960183961784,2025-03-15T09:34:47Z,1.275768561985712,2025-03-16T09:39:46Z,1.2763313825957903,1d,2025-03-16T09:44:46Z
4.4575454438700035e-12,2025-03-16T09:44:47Z,1.2763313825957903,2025-03-17T09:44:47Z,1.2763313825958058,1d,2025-03-17T09:49:46Z
0.16568424504654478,2025-03-17T09:49:47Z,1.2763313825958063,2025-03-18T09:49:47Z,1.2768675832233205,1d,2025-03-18T09:54:46Z
4.619638005465276e-12,2025-03-18T09:54:47Z,1.2768675832233205,2025-03-19T09:54:47Z,1.2768675832233367,1d,2025-03-19T09:59:46Z
0.16701341906526412,2025-03-19T09:59:47Z,1.2768675832233367,2025-03-20T10:00:47Z,1.2774083727972694,1d,2025-03-20T10:04:46Z
1.1994849558050191e-11,2025-03-20T10:04:47Z,1.2774083727972694,2025-03-21T10:04:47Z,1.2774083727973113,1d,2025-03-21T10:09:46Z
0.16671669153589597,2025-03-21T10:09:47Z,1.2774083727973113,2025-03-22T10:09:47Z,1.2779481255410932,1d,2025-03-22T10:14:47Z
3.957500993578833e-12,2025-03-22T10:14:48Z,1.2779481255410932,2025-03-23T10:19:47Z,1.2779481255411071,1d,2025-03-23T10:24:46Z
0.17193447282387675,2025-03-23T10:24:47Z,1.2779481255411071,2025-03-24T10:24:48Z,1.2785037427338866,1d,2025-03-24T10:29:44Z
3.2417846185239796e-11,2025-03-24T10:29:45Z,1.2785037427338866,2025-03-25T10:29:47Z,1.2785037427340002,1d,2025-03-25T10:34:47Z
0.1698460965785582,2025-03-25T10:34:48Z,1.2785037427340002,2025-03-26T10:39:47Z,1.2790552473125227,1d,2025-03-26T10:44:46Z
5.754285936632186e-12,2025-03-26T10:44:47Z,1.2790552473125227,2025-03-27T10:44:47Z,1.279055247312543,1d,2025-03-27T10:49:47Z
0.18103240281968191,2025-03-27T10:49:48Z,1.279055247312543,2025-03-28T10:54:47Z,1.279640469338077,1d,2025-03-28T10:59:46Z
5.430100813441641e-12,2025-03-28T10:59:47Z,1.279640469338077,2025-03-29T10:59:48Z,1.279640469338096,1d,2025-03-29T11:04:46Z
0.1654688023988351,2025-03-29T11:04:47Z,1.279640469338096,2025-03-30T11:04:48Z,1.2801774180762182,1d,2025-03-30T11:09:46Z
8.884448732260353e-12,2025-03-30T11:09:47Z,1.2801774180762187,2025-03-31T11:14:46Z,1.28017741807625,1d,2025-03-31T11:19:46Z
0.16838860362933272,2025-03-31T11:19:47Z,1.2801774180762504,2025-04-01T11:19:48Z,1.2807233717324331,1d,2025-04-01T11:24:46Z
5.186739926443806e-12,2025-04-01T11:24:47Z,1.2807233717324331,2025-04-02T11:24:49Z,1.2807233717324513,1d,2025-04-02T11:29:46Z
0.1820741394191987,2025-04-02T11:29:47Z,1.2807233717324513,2025-04-03T11:29:48Z,1.2813104374713835,1d,2025-04-03T11:34:46Z
1.9856116750816e-11,2025-04-03T11:34:47Z,1.2813104374713835,2025-04-04T11:34:48Z,1.2813104374714532,1d,2025-04-04T11:39:46Z
0.18017578715027383,2025-04-04T11:39:47Z,1.2813104374714532,2025-04-05T11:39:48Z,1.2818921275509554,1d,2025-04-05T11:44:47Z
6.321609902215641e-12,2025-04-05T11:44:48Z,1.2818921275509554,2025-04-06T11:44:48Z,1.2818921275509776,1d,2025-04-06T11:49:46Z
0.16734742354569865,2025-04-06T11:49:47Z,1.2818921275509776,2025-04-07T11:49:47Z,1.2824356737591163,1d,2025-04-07T11:54:46Z
1.961297790842309e-11,2025-04-07T11:54:47Z,1.2824356737591167,2025-04-08T11:54:48Z,1.2824356737591855,1d,2025-04-08T11:59:46Z
0.17085511006830445,2025-04-08T11:59:47Z,1.2824356737591855,2025-04-09T12:04:47Z,1.2829919218293182,1d,2025-04-09T12:09:46Z
6.703526622686695e-12,2025-04-09T12:09:47Z,1.2829919218293182,2025-04-10T12:14:47Z,1.282991921829342,1d,2025-04-10T12:19:46Z
0.1780799952911185,2025-04-10T12:19:47Z,1.2829919218293424,2025-04-11T12:24:46Z,1.283570112493104,1d,2025-04-11T12:29:46Z
1.2400080962038373e-11,2025-04-11T12:29:47Z,1.283570112493104,2025-04-12T12:29:47Z,1.2835701124931476,1d,2025-04-12T12:34:46Z
0.17819334019054134,2025-04-12T12:34:47Z,1.2835701124931476,2025-04-13T12:34:47Z,1.2841469068389857,1d,2025-04-13T12:39:46Z
4.943823128655822e-12,2025-04-13T12:39:47Z,1.2841469068389857,2025-04-14T12:39:48Z,1.284146906839003,1d,2025-04-14T12:44:41Z
0.1731553224799609,2025-04-14T12:44:42Z,1.2841469068390032,2025-04-15T12:44:48Z,1.2847089164116874,1d,2025-04-15T12:49:46Z
2.5124347047267293e-12,2025-04-15T12:49:47Z,1.2847089164116874,2025-04-16T12:49:47Z,1.2847089164116963,1d,2025-04-16T12:54:46Z
0.17148934298037943,2025-04-16T12:54:47Z,1.2847089164116965,2025-04-17T12:54:48Z,1.2852661352742147,1d,2025-04-17T12:59:46Z
5.268008251846368e-12,2025-04-17T12:59:47Z,1.285266135274215,2025-04-18T12:59:47Z,1.2852661352742334,1d,2025-04-18T13:04:47Z
0.17337012399427754,2025-04-18T13:04:48Z,1.2852661352742334,2025-04-19T13:09:47Z,1.2858311897083115,1d,2025-04-19T13:14:46Z
4.506728323860898e-11,2025-04-19T13:14:47Z,1.2858311897083115,2025-04-20T13:19:47Z,1.2858311897084707,1d,2025-04-20T13:24:46Z
0.17029181903713764,2025-04-20T13:24:47Z,1.285831189708472,2025-04-21T13:29:46Z,1.2863872023071348,1d,2025-04-21T13:34:46Z
2.018052391861147e-11,2025-04-21T13:34:47Z,1.2863872023071352,2025-04-22T13:34:47Z,1.2863872023072063,1d,2025-04-22T13:39:46Z
0.15110022032480708,2025-04-22T13:39:47Z,1.2863872023072065,2025-04-23T13:39:47Z,1.2868832378903678,1d,2025-04-23T13:44:46Z
1.686612147722144e-7,2025-04-23T13:44:47Z,1.2868832378903678,2025-04-24T13:44:47Z,1.286883238485018,1d,2025-04-24T13:49:46Z
0.15553841653954614,2025-04-24T13:49:47Z,1.2868832384850182,2025-04-25T13:49:47Z,1.2873930382671934,1d,2025-04-25T13:54:46Z
3.792965941329385e-11,2025-04-25T13:54:47Z,1.287393038267194,2025-04-26T13:54:47Z,1.2873930382673278,1d,2025-04-26T13:59:46Z
0.1636994032742578,2025-04-26T13:59:47Z,1.2873930382673278,2025-04-27T13:59:47Z,1.2879278726913244,1d,2025-04-27T14:04:45Z
6.175726596779896e-11,2025-04-27T14:04:46Z,1.2879278726913246,2025-04-28T14:04:46Z,1.2879278726915426,1d,2025-04-28T14:09:45Z
0.19470317131609916,2025-04-28T14:09:46Z,1.2879278726915426,2025-04-29T14:09:47Z,1.288555757579766,1d,2025-04-29T14:14:49Z
3.6588287954941734e-11,2025-04-29T14:14:50Z,1.2885557575797664,2025-04-30T14:19:47Z,1.288555757579896,1d,2025-04-30T14:24:46Z
0.16981183135559874,2025-04-30T14:24:47Z,1.288555757579896,2025-05-01T14:29:44Z,1.2891114816376243,1d,2025-05-01T14:34:46Z
9.96824844889943e-12,2025-05-01T14:34:47Z,1.2891114816376243,2025-05-02T14:34:50Z,1.2891114816376594,1d,2025-05-02T14:39:47Z
0.14826444413709639,2025-05-02T14:39:48Z,1.2891114816376594,2025-05-03T14:44:46Z,1.2896015376522583,1d,2025-05-03T14:49:46Z
6.240563621418005e-12,2025-05-03T14:49:47Z,1.2896015376522583,2025-05-04T14:49:47Z,1.2896015376522802,1d,2025-05-04T14:54:46Z
0.17642690685609907,2025-05-04T14:54:47Z,1.2896015376522802,2025-05-05T14:59:47Z,1.2901777330127728,1d,2025-05-05T15:04:46Z
6.402656183013278e-12,2025-05-05T15:04:47Z,1.290177733012773,2025-05-06T15:04:47Z,1.2901777330127957,1d,2025-05-06T15:09:47Z
0.17273875335328026,2025-05-06T15:09:48Z,1.2901777330127957,2025-05-07T15:14:47Z,1.2907430368677855,1d,2025-05-07T15:19:46Z
8.996137168537643e-12,2025-05-07T15:19:47Z,1.2907430368677855,2025-05-08T15:19:47Z,1.2907430368678172,1d,2025-05-08T15:24:47Z
0.15137444931215294,2025-05-08T15:24:48Z,1.2907430368678172,2025-05-09T15:29:48Z,1.2912433261964549,1d,2025-05-09T15:34:41Z
1.1322806914293437e-8,2025-05-09T15:34:42Z,1.291243326196455,2025-05-10T15:34:47Z,1.2912433262365135,1d,2025-05-10T15:39:46Z
0.16997739086263142,2025-05-10T15:39:47Z,1.2912433262365137,2025-05-11T15:39:47Z,1.2917988020939322,1d,2025-05-11T15:44:51Z
0.13816802338277223,2025-05-11T15:44:52Z,1.2917988020939337,2025-05-12T15:49:47Z,1.2922584876795888,1d,2025-05-12T15:54:47Z
1.397282289872237e-11,2025-05-12T15:54:48Z,1.2922584876795888,2025-05-13T15:59:46Z,1.2922584876796386,1d,2025-05-13T16:04:47Z
0.12660273427607183,2025-05-13T16:04:48Z,1.2922584876796388,2025-05-14T16:09:48Z,1.2926820659021911,1d,2025-05-14T16:14:46Z
2.1645352177301902e-11,2025-05-14T16:14:47Z,1.2926820659021914,2025-05-15T16:19:47Z,1.2926820659022682,1d,2025-05-15T16:24:47Z
0.1601732771844917,2025-05-15T16:24:48Z,1.2926820659022737,2025-05-16T16:24:48Z,1.2932083454997998,1d,2025-05-16T16:29:46Z
7.861489237370733e-12,2025-05-16T16:29:47Z,1.2932083454997998,2025-05-17T16:29:47Z,1.2932083454998278,1d,2025-05-17T16:34:46Z
0.2228177175024253,2025-05-17T16:34:47Z,1.293208345499828,2025-05-18T16:39:47Z,1.2939237274224047,1d,2025-05-18T16:44:46Z
3.628808364908309e-10,2025-05-18T16:44:47Z,1.2939237274224047,2025-05-19T16:49:47Z,1.2939237274236957,1d,2025-05-19T16:54:46Z
0.17341378259835172,2025-05-19T16:54:47Z,1.2939237298508197,2025-05-20T16:54:49Z,1.2944907733286157,1d,2025-05-20T16:59:47Z
0.00005355171745247134,2025-05-20T16:59:48Z,1.2944907733286157,2025-05-21T16:59:48Z,1.2944909632473913,1d,2025-05-21T17:04:47Z
0.17176002087786935,2025-05-21T17:04:48Z,1.2944909632473913,2025-05-22T17:09:47Z,1.2950551843599871,1d,2025-05-22T17:14:46Z
0.0005628854337271783,2025-05-22T17:14:47Z,1.2950551843599873,2025-05-23T17:19:47Z,1.2950571879041104,1d,2025-05-23T17:24:47Z
0.17078583911427359,2025-05-23T17:24:48Z,1.2950571879041104,2025-05-24T17:24:48Z,1.2956167563643495,1d,2025-05-24T17:29:46Z
6.799452973993425e-7,2025-05-24T17:29:47Z,1.2956167563643497,2025-05-25T17:29:47Z,1.2956167587779064,1d,2025-05-25T17:34:46Z
0.17033915017631074,2025-05-25T17:34:47Z,1.2956167587779064,2025-05-26T17:39:47Z,1.2961771533848994,1d,2025-05-26T17:44:44Z
0.00020159813405973281,2025-05-26T17:44:45Z,1.2961771533848994,2025-05-27T17:44:48Z,1.296177869247102,1d,2025-05-27T17:49:46Z
0.16975286707067672,2025-05-27T17:49:47Z,1.2961778692471022,2025-05-28T17:49:48Z,1.296734792483116,1d,2025-05-28T17:54:46Z
4.199751657552042e-12,2025-05-28T17:54:47Z,1.296734792483116,2025-05-29T17:59:50Z,1.2967347924831312,1d,2025-05-29T18:04:46Z
0.23252642710823457,2025-05-29T18:04:47Z,1.2967347924831314,2025-05-30T18:04:50Z,1.2974777796621604,1d,2025-05-30T18:09:46Z
0.03750057964951736,2025-05-30T18:09:47Z,1.2974777796621604,2025-05-31T18:14:47Z,1.2976091065581146,1d,2025-05-31T18:19:47Z
0.1592150792212812,2025-05-31T18:19:48Z,1.2976091065581146,2025-06-01T18:24:46Z,1.2981362658011555,1d,2025-06-01T18:29:46Z
0.0026758090290808223,2025-06-01T18:29:47Z,1.2981362658011557,2025-06-02T18:29:47Z,1.2981457697420187,1d,2025-06-02T18:34:47Z
0.1799127899505235,2025-06-02T18:34:48Z,1.298145769742019,2025-06-03T18:34:48Z,1.2987343029001237,1d,2025-06-03T18:39:47Z
0.00005992064787774254,2025-06-03T18:39:48Z,1.298734302900124,2025-06-04T18:44:47Z,1.2987345168397921,1d,2025-06-04T18:49:45Z
0.17108033388180144,2025-06-04T18:49:46Z,1.2987345168397921,2025-06-05T18:49:48Z,1.2992965824979592,1d,2025-06-05T18:54:47Z
0.000027787108041632536,2025-06-05T18:54:48Z,1.2992965824979592,2025-06-06T18:54:48Z,1.2992966814108202,1d,2025-06-06T18:59:48Z
0.16370008242796774,2025-06-06T18:59:49Z,1.2992966814108207,2025-06-07T19:04:48Z,1.2998383315454285,1d,2025-06-07T19:09:46Z
3.876676757386122e-12,2025-06-07T19:09:47Z,1.2998383315454285,2025-06-08T19:14:47Z,1.2998383315454423,1d,2025-06-08T19:19:46Z
0.1552982227288333,2025-06-08T19:19:47Z,1.2998383315454423,2025-06-09T19:19:48Z,1.3003525288378242,1d,2025-06-09T19:24:46Z
0.003094781389251011,2025-06-09T19:24:47Z,1.3003525288378242,2025-06-10T19:24:48Z,1.3003635374842986,1d,2025-06-10T19:29:46Z
0.15324730889594673,2025-06-10T19:29:47Z,1.300363537484299,2025-06-11T19:34:47Z,1.3008733684564109,1d,2025-06-11T19:39:45Z
3.0511169146762995e-7,2025-06-11T19:39:46Z,1.300873368456411,2025-06-12T19:39:47Z,1.3008733695438528,1d,2025-06-12T19:44:45Z
0.16273889960041665,2025-06-12T19:44:46Z,1.300873369543853,2025-06-13T19:44:47Z,1.301410866309949,1d,2025-06-13T19:49:45Z
0.00005737345748690892,2025-06-13T19:49:46Z,1.301410866309949,2025-06-14T19:49:47Z,1.3014110708720563,1d,2025-06-14T19:54:45Z
0.1605920220584498,2025-06-14T19:54:46Z,1.3014110708720563,2025-06-15T19:54:48Z,1.3019422037410517,1d,2025-06-15T19:59:46Z
0.0000050130272277737475,2025-06-15T19:59:47Z,1.3019422037410517,2025-06-16T19:59:48Z,1.3019422216225065,1d,2025-06-16T20:04:47Z
0.16067911178045535,2025-06-16T20:04:48Z,1.3019422216225065,2025-06-17T20:04:49Z,1.3024738328781342,1d,2025-06-17T20:09:45Z
8.70534232255693e-7,2025-06-17T20:09:46Z,1.3024738328781342,2025-06-18T20:09:48Z,1.302473835984638,1d,2025-06-18T20:14:46Z
0.1619706615352854,2025-06-18T20:14:47Z,1.302473835984638,2025-06-19T20:19:45Z,1.3030114767146217,1d,2025-06-19T20:24:46Z
2.674527266322002e-12,2025-06-19T20:24:47Z,1.3030114767146217,2025-06-20T20:24:47Z,1.3030114767146312,1d,2025-06-20T20:29:44Z
0.16026284404621238,2025-06-20T20:29:45Z,1.3030114767146312,2025-06-21T20:34:46Z,1.3035440867866481,1d,2025-06-21T20:39:47Z
3.902354173135336e-8,2025-06-21T20:39:48Z,1.3035440867866483,2025-06-22T20:39:48Z,1.303544086926015,1d,2025-06-22T20:44:47Z
0.1560118558384611,2025-06-22T20:44:48Z,1.303544086926015,2025-06-23T20:49:46Z,1.3040637369329253,1d,2025-06-23T20:54:47Z
0.0016007473104542314,2025-06-23T20:54:48Z,1.3040637369329253,2025-06-24T20:54:48Z,1.3040694514866495,1d,2025-06-24T20:59:46Z
0.13995678955344681,2025-06-24T20:59:47Z,1.3040694514866495,2025-06-25T20:59:47Z,1.3045375369100327,1d,2025-06-25T21:04:46Z
0.000014972986104089259,2025-06-25T21:04:47Z,1.3045375369100327,2025-06-26T21:04:47Z,1.3045375904242151,1d,2025-06-26T21:09:46Z
0.0864198396434257,2025-06-26T21:09:47Z,1.3045375904242151,2025-06-27T21:14:46Z,1.3048348965505172,1d,2025-06-27T21:19:46Z
4.3026550544666975e-8,2025-06-27T21:19:47Z,1.3048348965505172,2025-06-28T21:24:47Z,1.3048348967048664,1d,2025-06-28T21:29:45Z
0.2264647542934446,2025-06-28T21:29:46Z,1.3048348967048664,2025-06-29T21:29:47Z,1.3055648724895512,1d,2025-06-29T21:34:46Z
0.0000013957771016759324,2025-06-29T21:34:47Z,1.3055648724895514,2025-06-30T21:34:47Z,1.3055648774820892,1d,2025-06-30T21:39:45Z
0.1740263160404496,2025-06-30T21:39:46Z,1.3055648774820892,2025-07-01T21:44:47Z,1.3061408769202303,1d,2025-07-01T21:49:46Z
2.549807565088713e-7,2025-07-01T21:49:47Z,1.3061408769202303,2025-07-02T21:49:48Z,1.3061408778326813,1d,2025-07-02T21:54:46Z
0.14882887061275873,2025-07-02T21:54:47Z,1.3061408778326813,2025-07-03T21:59:48Z,1.3066391901139123,1d,2025-07-03T22:04:46Z
6.403514296593471e-8,2025-07-03T22:04:47Z,1.3066391901139123,2025-07-04T22:04:48Z,1.30663919034315,1d,2025-07-04T22:09:46Z
0.15061104263356007,2025-07-04T22:09:47Z,1.30663919034315,2025-07-05T22:09:47Z,1.3071415129522417,1d,2025-07-05T22:14:47Z
2.5124347047267293e-12,2025-07-05T22:14:48Z,1.3071415129522417,2025-07-06T22:14:48Z,1.3071415129522508,1d,2025-07-06T22:19:45Z
0.1487265009043517,2025-07-06T22:19:46Z,1.3071415129522508,2025-07-07T22:24:46Z,1.3076398808793217,1d,2025-07-07T22:29:47Z
0.00001571970757097141,2025-07-07T22:29:48Z,1.3076398808793217,2025-07-08T22:29:50Z,1.3076399371972156,1d,2025-07-08T22:34:46Z
0.15179925673957273,2025-07-08T22:34:47Z,1.3076399371972156,2025-07-09T22:39:47Z,1.3081481024045851,1d,2025-07-09T22:44:46Z
6.793534512716803e-8,2025-07-09T22:44:47Z,1.3081481024045851,2025-07-10T22:44:47Z,1.3081481026480632,1d,2025-07-10T22:49:46Z
0.1555479207534738,2025-07-10T22:49:47Z,1.3081481026480632,2025-07-11T22:49:47Z,1.3086663560119014,1d,2025-07-11T22:54:46Z
0.000038237293439769005,2025-07-11T22:54:47Z,1.3086663560119014,2025-07-12T22:54:47Z,1.3086664931047929,1d,2025-07-12T22:59:46Z
0.1522920693905847,2025-07-12T22:59:47Z,1.3086664931047929,2025-07-13T23:04:47Z,1.309176596896816,1d,2025-07-13T23:09:47Z
0.00014663361309130707,2025-07-13T23:09:48Z,1.309176596896816,2025-07-14T23:09:53Z,1.309177122832072,1d,2025-07-14T23:14:46Z
0.15032524954271076,2025-07-14T23:14:47Z,1.3091771251494093,2025-07-15T23:14:47Z,1.3096795320863073,1d,2025-07-15T23:19:46Z
0.00014117591383899786,2025-07-15T23:19:47Z,1.3096795320863073,2025-07-16T23:19:47Z,1.3096800386128562,1d,2025-07-16T23:24:46Z
0.14569232138328503,2025-07-16T23:24:47Z,1.3096800386128562,2025-07-17T23:24:48Z,1.3101681582293387,1d,2025-07-17T23:29:47Z
0.0064437693487877645,2025-07-17T23:29:48Z,1.3101681582293387,2025-07-18T23:34:47Z,1.3101912939396905,1d,2025-07-18T23:39:47Z
0.15750165114842485,2025-07-18T23:39:48Z,1.3101912939396905,2025-07-19T23:44:45Z,1.310718228566611,1d,2025-07-19T23:49:46Z
0.0031923886009479485,2025-07-19T23:49:47Z,1.310718228566611,2025-07-20T23:49:47Z,1.3107296742525347,1d,2025-07-20T23:54:46Z
0.15936918009749967,2025-07-20T23:54:47Z,1.3107296742525347,2025-07-21T23:54:48Z,1.311260816815875,1d,2025-07-21T23:59:46Z
0.003222885517899954,2025-07-21T23:59:47Z,1.311260816815875,2025-07-22T23:59:48Z,1.3112723765843632,1d,2025-07-23T00:04:46Z
0.14891350837757078,2025-07-23T00:04:47Z,1.3112723765843632,2025-07-24T00:04:47Z,1.3117711742542095,1d,2025-07-24T00:09:48Z
0.00004215603356172437,2025-07-24T00:09:49Z,1.3117711742542095,2025-07-25T00:14:47Z,1.311771326277864,1d,2025-07-25T00:19:46Z
0.14752315875776545,2025-07-25T00:19:47Z,1.311771326277864,2025-07-26T00:24:45Z,1.3122676666889965,1d,2025-07-26T00:29:46Z
0.14776568130835543,2025-07-26T00:29:47Z,1.3122676666889965,2025-07-27T00:34:47Z,1.3127649690419976,1d,2025-07-27T00:39:43Z
0.000005086577607560372,2025-07-27T00:39:44Z,1.3127649690419976,2025-07-28T00:39:48Z,1.3127649873372662,1d,2025-07-28T00:44:46Z
0.1447465061354909,2025-07-28T00:44:47Z,1.3127649873372662,2025-07-29T00:44:48Z,1.3132512852021978,1d,2025-07-29T00:49:46Z
0.000002215640242164696,2025-07-29T00:49:47Z,1.313251285202198,2025-07-30T00:49:47Z,1.313251293173949,1d,2025-07-30T00:54:46Z
0.1466278955696383,2025-07-30T00:54:47Z,1.313251293173949,2025-07-31T00:54:47Z,1.3137436761257675,1d,2025-07-31T00:59:44Z
0.00014391018234904962,2025-07-31T00:59:45Z,1.3137436761257675,2025-08-01T00:59:46Z,1.3137441940701913,1d,2025-08-01T01:04:46Z
0.14702120990016576,2025-08-01T01:04:47Z,1.3137441940701913,2025-08-02T01:09:48Z,1.3142397173367626,1d,2025-08-02T01:14:46Z
1.2228181800466587e-8,2025-08-02T01:14:47Z,1.3142397173367626,2025-08-03T01:14:47Z,1.314239717380792,1d,2025-08-03T01:19:46Z
0.14774722305651178,2025-08-03T01:19:47Z,1.3142397173807923,2025-08-04T01:24:47Z,1.31473770894129,1d,2025-08-04T01:29:47Z
0.0009265371352165097,2025-08-04T01:29:48Z,1.31473770894129,2025-08-05T01:34:46Z,1.3147410563123523,1d,2025-08-05T01:39:47Z
0.1415984082391477,2025-08-05T01:39:48Z,1.3147410563123523,2025-08-06T01:44:46Z,1.3152198033996838,1d,2025-08-06T01:49:46Z
8.53323037786069e-7,2025-08-06T01:49:47Z,1.3152198033996838,2025-08-07T01:49:47Z,1.315219806474497,1d,2025-08-07T01:54:46Z
0.2209162917492582,2025-08-07T01:54:47Z,1.3152198064744973,2025-08-08T01:59:47Z,1.3159417348171687,1d,2025-08-08T02:04:46Z
0.00010974052021794911,2025-08-08T02:04:47Z,1.3159417348171687,2025-08-09T02:04:47Z,1.315942130445193,1d,2025-08-09T02:09:45Z
0.08115325682528196,2025-08-09T02:09:46Z,1.315942130445193,2025-08-10T02:09:47Z,1.3162234808411626,1d,2025-08-10T02:14:46Z
6.627964843630707e-10,2025-08-10T02:14:47Z,1.3162234808411626,2025-08-11T02:14:47Z,1.3162234808435527,1d,2025-08-11T02:19:46Z
0.27778756267030014,2025-08-11T02:19:47Z,1.3162234808435527,2025-08-12T02:19:47Z,1.3171077394223996,1d,2025-08-12T02:24:49Z
1.3821195010699228e-7,2025-08-12T02:24:50Z,1.3171077394223996,2025-08-13T02:29:47Z,1.3171077399228537,1d,2025-08-13T02:34:46Z
0.14543204297694512,2025-08-13T02:34:47Z,1.3171077399228541,2025-08-14T02:34:47Z,1.3175978019908194,1d,2025-08-14T02:39:46Z
0.0000047925192299125285,2025-08-14T02:39:47Z,1.3175978019908194,2025-08-15T02:39:47Z,1.317597819291087,1d,2025-08-15T02:44:46Z
0.1554771359264433,2025-08-15T02:44:47Z,1.317597819291087,2025-08-16T02:44:47Z,1.318119595158859,1d,2025-08-16T02:49:46Z
0.000186472773246793,2025-08-16T02:49:47Z,1.318119595158859,2025-08-17T02:49:48Z,1.318120268510666,1d,2025-08-17T02:54:16Z
0.15224877020094252,2025-08-17T02:54:17Z,1.318120268510666,2025-08-18T02:54:47Z,1.3186323211329491,1d,2025-08-18T02:59:46Z
0.0005018155435809746,2025-08-18T02:59:47Z,1.3186323211329491,2025-08-19T02:59:47Z,1.3186341335841187,1d,2025-08-19T03:04:46Z
0.14735457553397246,2025-08-19T03:04:47Z,1.3186341335841187,2025-08-20T03:04:47Z,1.3191308244429178,1d,2025-08-20T03:09:46Z
9.374753418001092e-8,2025-08-20T03:09:47Z,1.3191308244429178,2025-08-21T03:09:47Z,1.3191308247817268,1d,2025-08-21T03:14:41Z
0.14657499497505921,2025-08-21T03:14:42Z,1.3191308247817268,2025-08-22T03:19:47Z,1.3196269910464855,1d,2025-08-22T03:24:45Z
0.000002600098112814919,2025-08-22T03:24:46Z,1.3196269910464857,2025-08-23T03:24:47Z,1.3196270004470196,1d,2025-08-23T03:29:46Z
0.15876319712648956,2025-08-23T03:29:47Z,1.3196270004470196,2025-08-24T03:29:47Z,1.3201598512768136,1d,2025-08-24T03:34:46Z
0.00010320418771847528,2025-08-24T03:34:47Z,1.3201598512768136,2025-08-25T03:34:47Z,1.3201602245343869,1d,2025-08-25T03:39:45Z
0.14660546446903489,2025-08-25T03:39:46Z,1.3201602245343869,2025-08-26T03:39:47Z,1.320655132827659,1d,2025-08-26T03:44:44Z
4.133138276074533e-12,2025-08-26T03:44:45Z,1.320655132827659,2025-08-27T03:44:48Z,1.320655132827674,1d,2025-08-27T03:49:27Z
0.13104008376946163,2025-08-27T03:49:28Z,1.320655132827674,2025-08-28T03:49:47Z,1.3211008466946388,1d,2025-08-28T03:54:46Z
0.005267114220724789,2025-08-28T03:54:47Z,1.3211008466946388,2025-08-29T03:54:47Z,1.3211198608803365,1d,2025-08-29T03:59:46Z
0.14808002892499572,2025-08-29T03:59:47Z,1.3211198608803365,2025-08-30T03:59:47Z,1.3216197767346403,1d,2025-08-30T04:04:46Z
0.00001096717309345685,2025-08-30T04:04:47Z,1.3216197767346407,2025-08-31T04:09:45Z,1.321619816582163,1d,2025-08-31T04:14:47Z
0.10706387765852843,2025-08-31T04:14:48Z,1.321619816582163,2025-09-01T04:19:47Z,1.3219894269853905,1d,2025-09-01T04:24:45Z
0.0025045808540944403,2025-09-01T04:24:46Z,1.3219894269853905,2025-09-02T04:24:47Z,1.3219984870937578,1d,2025-09-02T04:29:46Z
0.12405117977252966,2025-09-02T04:29:47Z,1.3219984870937578,2025-09-03T04:29:48Z,1.3224221038431938,1d,2025-09-03T04:34:47Z
0.00006047194048242055,2025-09-03T04:34:48Z,1.3224221038431938,2025-09-04T04:39:45Z,1.3224223236840327,1d,2025-09-04T04:44:45Z
0.1616391623807314,2025-09-04T04:44:46Z,1.3224223236840327,2025-09-05T04:44:47Z,1.322965294242548,1d,2025-09-05T04:49:46Z
1.1624332607595989e-9,2025-09-05T04:49:47Z,1.322965294242548,2025-09-06T04:49:48Z,1.3229652942467613,1d,2025-09-06T04:54:46Z
0.1349924050086868,2025-09-06T04:54:47Z,1.3229652942467613,2025-09-07T04:54:47Z,1.3234243375651433,1d,2025-09-07T04:59:46Z
0.000052534309195273465,2025-09-07T04:59:47Z,1.3234243375651433,2025-09-08T04:59:48Z,1.323424528042313,1d,2025-09-08T05:09:46Z
0.13568963732188877,2025-09-08T05:09:47Z,1.3234245280423131,2025-09-09T05:09:48Z,1.323885963500414,1d,2025-09-09T05:14:46Z
0.000013300288006723449,2025-09-09T05:14:47Z,1.323885963500414,2025-09-10T05:15:28Z,1.3238860117642592,1d,2025-09-10T05:19:48Z
0.1379791279537974,2025-09-10T05:19:49Z,1.3238860117642592,2025-09-11T05:19:49Z,1.324354910002728,1d,2025-09-11T05:24:47Z
0.00013465773987286767,2025-09-11T05:24:48Z,1.324354910002728,2025-09-12T05:29:46Z,1.3243554002430407,1d,2025-09-12T05:34:47Z
0.14483500336665767,2025-09-12T05:34:48Z,1.3243554002430407,2025-09-13T05:34:48Z,1.3248462665492637,1d,2025-09-13T05:39:46Z
0.00011815032432882511,2025-09-13T05:39:47Z,1.3248462665492637,2025-09-14T05:39:47Z,1.3248466953760996,1d,2025-09-14T05:44:46Z
0.1439512351538521,2025-09-14T05:44:47Z,1.3248466953760996,2025-09-15T05:44:48Z,1.3253349453118861,1d,2025-09-15T05:49:46Z
0.00010640407769524352,2025-09-15T05:49:47Z,1.3253349453118866,2025-09-16T05:54:47Z,1.3253353329918631,1d,2025-09-16T05:59:46Z
0.14097218801695122,2025-09-16T05:59:47Z,1.3253353329918631,2025-09-17T06:04:47Z,1.325815948997109,1d,2025-09-17T06:09:46Z
0.0012184854750221241,2025-09-17T06:09:47Z,1.325815948997109,2025-09-18T06:14:47Z,1.3258203876619858,1d,2025-09-18T06:19:46Z
0.14397716025134444,2025-09-18T06:19:47Z,1.3258203876619858,2025-09-19T06:19:49Z,1.3263090844430268,1d,2025-09-19T06:24:47Z
0.0001668180975882283,2025-09-19T06:24:48Z,1.3263090844430268,2025-09-20T06:24:50Z,1.3263096905774858,1d,2025-09-20T06:29:47Z
0.14115475544938283,2025-09-20T06:29:48Z,1.326309690577486,2025-09-21T06:34:46Z,1.3267912324283737,1d,2025-09-21T06:39:46Z
0.00028416297750788466,2025-09-21T06:39:47Z,1.326791232428374,2025-09-22T06:44:47Z,1.32679226881321,1d,2025-09-22T06:49:46Z
0.14955205214751532,2025-09-22T06:49:47Z,1.32679226881321,2025-09-23T06:54:47Z,1.3273007504126646,1d,2025-09-23T06:59:45Z
0.00007962343708434183,2025-09-23T06:59:46Z,1.3273007504126646,2025-09-24T06:59:47Z,1.327301039950405,1d,2025-09-24T07:04:44Z
0.13898263980308512,2025-09-24T07:04:45Z,1.3273010399504055,2025-09-25T07:04:49Z,1.327774376124895,1d,2025-09-25T07:09:47Z
0.0060794133969879205,2025-09-25T07:09:48Z,1.327774376124895,2025-09-26T07:14:47Z,1.327796500971232,1d,2025-09-26T07:19:46Z
0.134046695613524,2025-09-26T07:19:47Z,1.3277965009712323,2025-09-27T07:19:49Z,1.3282541977869984,1d,2025-09-27T07:24:46Z
0.0010432710589525218,2025-09-27T07:24:47Z,1.3282541977869984,2025-09-28T07:24:48Z,1.3282579923755704,1d,2025-09-28T07:29:46Z
0.13681155922621757,2025-09-28T07:29:47Z,1.3282579923755706,2025-09-29T07:29:48Z,1.3287247075789759,1d,2025-09-29T07:34:46Z
0.0009222479921688898,2025-09-29T07:34:47Z,1.3287247075789759,2025-09-30T07:34:47Z,1.328728063333825,1d,2025-09-30T07:39:46Z
0.1347478875684489,2025-09-30T07:39:47Z,1.3287280633338252,2025-10-01T07:39:48Z,1.3291883269328593,1d,2025-10-01T07:44:46Z
6.191749737372021e-7,2025-10-01T07:44:47Z,1.3291883269328593,2025-10-02T07:44:47Z,1.3291883291876536,1d,2025-10-02T07:49:46Z
0.13098561178816626,2025-10-02T07:49:47Z,1.3291883291876536,2025-10-03T07:54:46Z,1.3296382006098384,1d,2025-10-03T07:59:46Z
0.13192576684898194,2025-10-03T07:59:47Z,1.3296382006098384,2025-10-04T07:59:47Z,1.3300896999850096,1d,2025-10-04T08:04:46Z
0.0000011373209343190638,2025-10-04T08:04:47Z,1.3300896999850096,2025-10-05T08:09:45Z,1.330089704143792,1d,2025-10-05T08:14:46Z
0.13126096245252872,2025-10-05T08:14:47Z,1.330089704143792,2025-10-06T08:14:47Z,1.330539215232501,1d,2025-10-06T08:19:46Z
0.0009220094638060505,2025-10-06T08:19:47Z,1.330539215232501,2025-10-07T08:19:47Z,1.3305425747012605,1d,2025-10-07T08:24:47Z
0.1431681478781046,2025-10-07T08:24:48Z,1.3305425747012605,2025-10-08T08:29:47Z,1.3310321094928912,1d,2025-10-08T08:34:46Z
0.0001144844364233677,2025-10-08T08:34:47Z,1.3310321094928912,2025-10-09T08:34:47Z,1.331032526955255,1d,2025-10-09T08:39:46Z
0.1529398812083218,2025-10-09T08:39:47Z,1.3310325269552552,2025-10-10T08:44:47Z,1.3315534062580434,1d,2025-10-10T08:49:46Z
0.0022018816111681883,2025-10-10T08:49:47Z,1.3315534062580434,2025-10-11T08:49:47Z,1.3315614301173322,1d,2025-10-11T08:54:46Z
0.13924223257554336,2025-10-11T08:54:47Z,1.3315614301327066,2025-10-12T08:54:47Z,1.3320370953083043,1d,2025-10-12T08:59:46Z
0.0061506308331114035,2025-10-12T08:59:47Z,1.3320370953083043,2025-10-13T08:59:51Z,1.3320594739997142,1d,2025-10-13T09:04:48Z
0.14785926524687065,2025-10-13T09:04:49Z,1.3320594739997142,2025-10-14T09:04:49Z,1.3325628273485757,1d,2025-10-14T09:09:46Z
0.002568694737330235,2025-10-14T09:09:47Z,1.3325628273485757,2025-10-15T09:09:48Z,1.3325721934032693,1d,2025-10-15T09:14:47Z
0.13296323842741264,2025-10-15T09:14:48Z,1.3325721934032693,2025-10-16T09:19:46Z,1.3330296074024435,1d,2025-10-16T09:24:46Z
0.00008746541859427914,2025-10-16T09:24:47Z,1.3330296074024435,2025-10-17T09:29:47Z,1.333029927933212,1d,2025-10-17T09:34:46Z
0.1317357048225758,2025-10-17T09:34:47Z,1.333029927933212,2025-10-18T09:39:47Z,1.3334835353731898,1d,2025-10-18T09:44:45Z
5.228080295349713e-7,2025-10-18T09:44:46Z,1.3334835353731898,2025-10-19T09:44:51Z,1.3334835372833158,1d,2025-10-19T09:49:46Z
0.1285671204573835,2025-10-19T09:49:47Z,1.3334835372833158,2025-10-20T09:49:47Z,1.3339254823499747,1d,2025-10-20T09:54:47Z
1.1837118751856224e-7,2025-10-20T09:54:48Z,1.3339254823499747,2025-10-21T09:54:49Z,1.333925482782578,1d,2025-10-21T09:59:48Z
0.1338281616067365,2025-10-21T09:59:49Z,1.333925482782578,2025-10-22T10:04:48Z,1.3343861661155783,1d,2025-10-22T10:09:46Z
0.000016002168763629143,2025-10-22T10:09:47Z,1.3343861661155785,2025-10-23T10:09:47Z,1.3343862246166807,1d,2025-10-23T10:14:47Z
0.13386079187712752,2025-10-23T10:14:48Z,1.334386224616681,2025-10-24T10:19:47Z,1.3348471726813564,1d,2025-10-24T10:24:46Z
0.00006954654281732253,2025-10-24T10:24:47Z,1.3348471726813564,2025-10-25T10:24:47Z,1.3348474270122794,1d,2025-10-25T10:29:46Z
0.13155396878041126,2025-10-25T10:29:47Z,1.3348474270122794,2025-10-26T10:29:49Z,1.3352995038880746,1d,2025-10-26T10:34:46Z
0.0000017503811549079984,2025-10-26T10:34:47Z,1.3352995038880746,2025-10-27T10:34:48Z,1.3352995102916585,1d,2025-10-27T10:39:46Z
0.13271722742481362,2025-10-27T10:39:47Z,1.3352995102916585,2025-10-28T10:39:47Z,1.3357554900097701,1d,2025-10-28T10:44:46Z
0.0009469974786739943,2025-10-28T10:44:47Z,1.3357554900097701,2025-10-29T10:44:47Z,1.3357589540101615,1d,2025-10-29T10:49:46Z
0.13122155944792424,2025-10-29T10:49:47Z,1.3357589540101615,2025-10-30T10:49:47Z,1.3362102535393954,1d,2025-10-30T10:54:46Z
0.00007578475304481636,2025-10-30T10:54:47Z,1.3362102535393954,2025-10-31T10:59:47Z,1.3362105319288111,1d,2025-10-31T11:04:46Z
0.13401330907445552,2025-10-31T11:04:47Z,1.3362105319288111,2025-11-01T11:04:47Z,1.3366710106166246,1d,2025-11-01T11:09:46Z
0.00026461115892395526,2025-11-01T11:09:47Z,1.3366710106166246,2025-11-02T11:09:49Z,1.336671979547013,1d,2025-11-02T11:14:43Z
0.12952015247391913,2025-11-02T11:14:44Z,1.336671979547013,2025-11-03T11:14:47Z,1.3371180890637506,1d,2025-11-03T11:19:46Z
0.0093627403620693,2025-11-03T11:19:47Z,1.3371180890637506,2025-11-04T11:19:47Z,1.3371522288044286,1d,2025-11-04T11:24:46Z
0.15254459564786882,2025-11-04T11:24:47Z,1.3371522288044286,2025-11-05T11:29:47Z,1.3376742418817218,1d,2025-11-05T11:34:46Z
0.018957676130222367,2025-11-05T11:34:47Z,1.3376742418817218,2025-11-06T11:34:47Z,1.3377430705421924,1d,2025-11-06T11:39:45Z
0.14016294036429366,2025-11-06T11:39:46Z,1.3377430705421924,2025-11-07T11:39:48Z,1.3382239169464274,1d,2025-11-07T11:44:46Z
5.469112311917712e-7,2025-11-07T11:44:47Z,1.3382239169464274,2025-11-08T11:44:47Z,1.338223918951604,1d,2025-11-08T11:49:46Z
0.12852931357309116,2025-11-08T11:49:47Z,1.3382239189516043,2025-11-09T11:49:47Z,1.338667312216819,1d,2025-11-09T11:54:46Z
2.9281210789378065e-9,2025-11-09T11:54:47Z,1.338667312216819,2025-11-10T11:54:47Z,1.338667312227558,1d,2025-11-10T11:59:46Z
0.12713523490684264,2025-11-10T11:59:47Z,1.338667312227558,2025-11-11T12:04:47Z,1.3391078420973759,1d,2025-11-11T12:09:47Z
0.00002375534244314359,2025-11-11T12:09:48Z,1.3391078420973759,2025-11-12T12:14:47Z,1.3391079295512769,1d,2025-11-12T12:19:45Z
0.1386359328961715,2025-11-12T12:19:46Z,1.3391079295512769,2025-11-13T12:19:47Z,1.3395843423003693,1d,2025-11-13T12:24:46Z
0.0009318272619476264,2025-11-13T12:24:47Z,1.3395843423003693,2025-11-14T12:24:47Z,1.3395877606060702,1d,2025-11-14T12:29:45Z
0.11707868954278067,2025-11-14T12:29:46Z,1.3395877643717684,2025-11-15T12:29:47Z,1.3399941734274068,1d,2025-11-15T12:34:47Z
0.0074078503402876805,2025-11-15T12:34:48Z,1.3399941734274068,2025-11-16T12:34:48Z,1.3400212692902345,1d,2025-11-16T12:39:46Z
0.13099489368472184,2025-11-16T12:39:47Z,1.3400212692902345,2025-11-17T12:44:46Z,1.340474837427532,1d,2025-11-17T12:49:46Z
0.001129640702111967,2025-11-17T12:49:47Z,1.340474837427532,2025-11-18T12:49:47Z,1.340478983736131,1d,2025-11-18T12:54:46Z
0.1320045590673864,2025-11-18T12:54:47Z,1.340478983736131,2025-11-19T12:54:48Z,1.3409344252604491,1d,2025-11-19T12:59:46Z
0.000026875733172504468,2025-11-19T12:59:47Z,1.3409344252604491,2025-11-20T12:59:47Z,1.340934523995005,1d,2025-11-20T13:04:46Z
0.13435581346070724,2025-11-20T13:04:47Z,1.340934523995005,2025-11-21T13:09:46Z,1.341399343755724,1d,2025-11-21T13:14:46Z
0.0010305424299728028,2025-11-21T13:14:47Z,1.341399343755724,2025-11-22T13:14:48Z,1.3414031291668862,1d,2025-11-22T13:19:46Z
0.13247510112212035,2025-11-22T13:19:47Z,1.3414031291668862,2025-11-23T13:19:47Z,1.3418604072305802,1d,2025-11-23T13:24:46Z
0.000049692789396038606,2025-11-23T13:24:47Z,1.3418604072305806,2025-11-24T13:24:47Z,1.3418605899131406,1d,2025-11-24T13:29:46Z
0.1295537801744877,2025-11-24T13:29:47Z,1.3418605899131406,2025-11-25T13:29:50Z,1.3423085405993225,1d,2025-11-25T13:34:46Z
2.414368704961589e-9,2025-11-25T13:34:47Z,1.3423085405993225,2025-11-26T13:34:47Z,1.3423085406082014,1d,2025-11-26T13:39:47Z
0.1290160819335402,2025-11-26T13:39:48Z,1.3423085406082014,2025-11-27T13:39:48Z,1.3427548736544073,1d,2025-11-27T13:44:47Z
0.000005856726007058555,2025-11-27T13:44:48Z,1.3427548736544073,2025-11-28T13:44:48Z,1.3427548951999535,1d,2025-11-28T13:49:47Z
0.12862014547505396,2025-11-28T13:49:48Z,1.3427548951999535,2025-11-29T13:49:48Z,1.3432000858920579,1d,2025-11-29T13:54:47Z
0.0008209360329194393,2025-11-29T13:54:48Z,1.3432000858920579,2025-11-30T13:54:48Z,1.3432031057008829,1d,2025-11-30T13:59:47Z
0.12839080372979428,2025-11-30T13:59:48Z,1.3432031057008829,2025-12-01T13:59:48Z,1.343647696875821,1d,2025-12-01T14:04:47Z
0.0002115526814894242,2025-12-01T14:04:48Z,1.343647696875821,2025-12-02T14:09:47Z,1.343648478261811,1d,2025-12-02T14:14:47Z
0.13117978087894366,2025-12-02T14:14:48Z,1.343648478261811,2025-12-03T14:19:47Z,1.3441038781501102,1d,2025-12-03T14:24:47Z
0.0003547593926644943,2025-12-03T14:24:48Z,1.3441038781501102,2025-12-04T14:29:47Z,1.344105188832325,1d,2025-12-04T14:34:46Z
0.12755960641639752,2025-12-04T14:34:47Z,1.344105188832325,2025-12-05T14:34:48Z,1.3445473692191183,1d,2025-12-05T14:39:46Z
1.5398793351550921e-12,2025-12-05T14:39:47Z,1.3445473692191183,2025-12-06T14:39:48Z,1.344547369219124,1d,2025-12-06T14:44:47Z
0.12559331991203204,2025-12-06T14:44:48Z,1.344547369219124,2025-12-07T14:44:48Z,1.3449832584676358,1d,2025-12-07T14:49:46Z
2.9649662236508334e-7,2025-12-07T14:49:47Z,1.3449832584676358,2025-12-08T14:49:49Z,1.3449832595602171,1d,2025-12-08T14:54:47Z
0.12796676502361137,2025-12-08T14:54:48Z,1.3449832595602171,2025-12-09T14:54:48Z,1.3454270544905713,1d,2025-12-09T14:59:47Z
9.369347673260364e-7,2025-12-09T14:59:48Z,1.3454270544905718,2025-12-10T14:59:49Z,1.3454270579442469,1d,2025-12-10T15:04:47Z
0.12614566963894758,2025-12-10T15:04:48Z,1.3454270579442467,2025-12-11T15:09:48Z,1.3458665623863324,1d,2025-12-11T15:14:47Z
0.12823975276222033,2025-12-11T15:14:48Z,1.3458665623863324,2025-12-12T15:14:49Z,1.3463115465045314,1d,2025-12-12T15:19:46Z
1.2734802101732612e-9,2025-12-12T15:19:47Z,1.3463115465045314,2025-12-13T15:19:47Z,1.3463115465092286,1d,2025-12-13T15:24:48Z
0.12811624541299516,2025-12-13T15:24:49Z,1.3463115465092286,2025-12-14T15:29:47Z,1.3467578027987797,1d,2025-12-14T15:34:46Z
4.264433250966704e-11,2025-12-14T15:34:47Z,1.3467578027987797,2025-12-15T15:39:47Z,1.3467578027989375,1d,2025-12-15T15:44:48Z
0.1270882993839757,2025-12-15T15:44:49Z,1.3467578027989378,2025-12-16T15:49:48Z,1.3472008357501857,1d,2025-12-16T15:54:48Z
1.7768009286101005e-12,2025-12-16T15:54:49Z,1.3472008357501857,2025-12-17T15:59:46Z,1.3472008357501923,1d,2025-12-17T16:04:47Z
0.12608470402629313,2025-12-17T16:04:48Z,1.3472008357501923,2025-12-18T16:04:48Z,1.3476391967084236,1d,2025-12-18T16:09:47Z
1.671714189299678e-8,2025-12-18T16:09:48Z,1.3476391967084236,2025-12-19T16:09:49Z,1.3476391967701467,1d,2025-12-19T16:14:47Z
0.12545424339129418,2025-12-19T16:14:48Z,1.3476391967701469,2025-12-20T16:19:47Z,1.3480771425796405,1d,2025-12-20T16:24:47Z
2.0942501066656405e-9,2025-12-20T16:24:48Z,1.3480771425796405,2025-12-21T16:29:45Z,1.3480771425874019,1d,2025-12-21T16:34:47Z
0.12531013592349538,2025-12-21T16:34:48Z,1.3480771425874019,2025-12-22T16:34:49Z,1.3485132515850278,1d,2025-12-22T16:39:45Z
3.1983486414866036e-7,2025-12-22T16:39:46Z,1.3485132515850278,2025-12-23T16:44:48Z,1.348513252770806,1d,2025-12-23T16:49:47Z
0.1252540981049075,2025-12-23T16:49:48Z,1.348513252770806,2025-12-24T16:49:48Z,1.348949313757685,1d,2025-12-24T16:54:47Z
0.000002011228772191842,2025-12-24T16:54:48Z,1.348949313787116,2025-12-25T16:54:48Z,1.3489493212201105,1d,2025-12-25T16:59:47Z
0.12419834985292533,2025-12-25T16:59:48Z,1.3489493212201105,2025-12-26T16:59:49Z,1.3493820580116296,1d,2025-12-26T17:04:47Z
3.9364178583412013e-10,2025-12-26T17:04:48Z,1.3493820580116296,2025-12-27T17:04:48Z,1.3493820580130849,1d,2025-12-27T17:09:47Z
0.12929573011911688,2025-12-27T17:09:48Z,1.3493820580130849,2025-12-28T17:09:48Z,1.3498316589781851,1d,2025-12-28T17:14:47Z
5.418130433199053e-8,2025-12-28T17:14:48Z,1.3498316589781854,2025-12-29T17:14:48Z,1.349831659178557,1d,2025-12-29T17:19:47Z
0.12472857631651091,2025-12-29T17:19:48Z,1.349831659178557,2025-12-30T17:19:48Z,1.3502664183926705,1d,2025-12-30T17:24:46Z
0.0000029560399514849678,2025-12-30T17:24:47Z,1.3502664183926705,2025-12-31T17:24:48Z,1.350266429328237,1d,2025-12-31T17:29:47Z
0.12467410161674475,2025-12-31T17:29:48Z,1.3502664293282374,2026-01-01T17:29:48Z,1.350701149339356,1d,2026-01-01T17:34:47Z
8.915090887740007e-13,2026-01-01T17:34:48Z,1.350701149339356,2026-01-02T17:34:48Z,1.3507011493393593,1d,2026-01-02T17:39:47Z
0.1239452061411832,2026-01-02T17:39:48Z,1.3507011493393593,2026-01-03T17:44:47Z,1.3511351062860182,1d,2026-01-03T17:49:47Z
9.422978317630282e-7,2026-01-03T17:49:48Z,1.3511351062860182,2026-01-04T17:49:48Z,1.3511351097741582,1d,2026-01-04T17:54:47Z
0.12389224467512694,2026-01-04T17:54:48Z,1.3511351097741582,2026-01-05T17:59:48Z,1.3515690360567025,1d,2026-01-05T18:04:47Z
6.429579990641088e-7,2026-01-05T18:04:48Z,1.3515690360567025,2026-01-06T18:09:46Z,1.351569038445741,1d,2026-01-06T18:14:46Z
0.12384002855427134,2026-01-06T18:14:47Z,1.351569038445741,2026-01-07T18:14:47Z,1.3520014297924776,1d,2026-01-07T18:19:46Z
8.705080212223493e-9,2026-01-07T18:19:47Z,1.3520014297924776,2026-01-08T18:19:48Z,1.3520014298247225,1d,2026-01-08T18:24:45Z
0.12727764219137416,2026-01-08T18:24:46Z,1.3520014298247227,2026-01-09T18:29:47Z,1.3524468225803006,1d,2026-01-09T18:34:45Z
0.00000637845411044502,2026-01-09T18:34:46Z,1.3524468225803006,2026-01-10T18:39:47Z,1.3524468462968637,1d,2026-01-10T18:44:46Z
0.12464988990298398,2026-01-10T18:44:47Z,1.3524468462968637,2026-01-11T18:44:48Z,1.3528821935414457,1d,2026-01-11T18:49:46Z
0.0000058538667278007495,2026-01-11T18:49:47Z,1.3528821935414457,2026-01-12T18:54:45Z,1.352882215313731,1d,2026-01-12T18:59:47Z
0.12795854069906532,2026-01-12T18:59:48Z,1.3528822153137314,2026-01-13T18:59:48Z,1.3533285895741607,1d,2026-01-13T19:04:47Z
5.586123164036394e-8,2026-01-13T19:04:48Z,1.3533285895741607,2026-01-14T19:04:48Z,1.3533285897812801,1d,2026-01-14T19:09:47Z
0.1241687042600339,2026-01-14T19:09:48Z,1.3533285897812801,2026-01-15T19:09:48Z,1.3537626285890523,1d,2026-01-15T19:14:46Z
1.8657204070571254e-7,2026-01-15T19:14:47Z,1.3537626285890523,2026-01-16T19:14:47Z,1.3537626292810365,1d,2026-01-16T19:19:47Z
0.12526804644352052,2026-01-16T19:19:48Z,1.3537626292810365,2026-01-17T19:19:48Z,1.3542004337182145,1d,2026-01-17T19:24:46Z
6.24075365829313e-7,2026-01-17T19:24:47Z,1.3542004337182145,2026-01-18T19:29:47Z,1.3542004360416593,1d,2026-01-18T19:34:46Z
0.12361302560704424,2026-01-18T19:34:47Z,1.3542004360416595,2026-01-19T19:39:47Z,1.3546344214181634,1d,2026-01-19T19:44:46Z
7.2540473627924484e-9,2026-01-19T19:44:47Z,1.3546344214181634,2026-01-20T19:44:47Z,1.3546344214450856,1d,2026-01-20T19:49:46Z
0.12371603894855476,2026-01-20T19:49:47Z,1.3546344214450856,2026-01-21T19:49:48Z,1.3550673888629952,1d,2026-01-21T19:54:47Z
7.872680767295748e-7,2026-01-21T19:54:48Z,1.3550673888629952,2026-01-22T19:54:48Z,1.3550673917857372,1d,2026-01-22T19:59:46Z
0.12493492804778761,2026-01-22T19:59:47Z,1.3550673917857372,2026-01-23T19:59:47Z,1.355504518630244,1d,2026-01-23T20:04:47Z
1.1587730441853239e-7,2026-01-23T20:04:48Z,1.355504518630244,2026-01-24T20:04:48Z,1.3555045190605786,1d,2026-01-24T20:09:46Z
0.12325895312492818,2026-01-24T20:09:47Z,1.3555045190605786,2026-01-25T20:09:47Z,1.355936248174719,1d,2026-01-25T20:14:46Z
6.346738983253886e-7,2026-01-25T20:14:47Z,1.355936248174719,2026-01-26T20:14:48Z,1.3559362505324917,1d,2026-01-26T20:19:46Z
0.1233723667380977,2026-01-26T20:19:47Z,1.3559362505324923,2026-01-27T20:19:47Z,1.356368492340712,1d,2026-01-27T20:24:47Z
4.376499163072367e-12,2026-01-27T20:24:48Z,1.356368492340712,2026-01-28T20:24:48Z,1.3563684923407282,1d,2026-01-28T20:29:48Z
0.12816288450275182,2026-01-28T20:29:49Z,1.3563684923407282,2026-01-29T20:34:46Z,1.3568182311855328,1d,2026-01-29T20:39:46Z
2.1502363245495815e-7,2026-01-29T20:39:47Z,1.3568182311855328,2026-01-30T20:44:46Z,1.3568182319876085,1d,2026-01-30T20:49:47Z
0.12465041583932823,2026-01-30T20:49:48Z,1.3568182319876094,2026-01-31T20:49:48Z,1.3572549830469631,1d,2026-01-31T20:54:46Z
0.0000012096307346887158,2026-01-31T20:54:47Z,1.3572549830469636,2026-02-01T20:54:47Z,1.357254987544981,1d,2026-02-01T20:59:46Z
0.1281240310096481,2026-02-01T20:59:47Z,1.357254987544981,2026-02-02T20:59:48Z,1.3577033554690143,1d,2026-02-02T21:04:47Z
2.9323237571432514e-7,2026-02-02T21:04:48Z,1.3577033554690157,2026-02-03T21:04:48Z,1.3577033565597623,1d,2026-02-03T21:09:46Z
0.12905134218881065,2026-02-03T21:09:47Z,1.3577033565597625,2026-02-04T21:09:47Z,1.3581549247672586,1d,2026-02-04T21:14:46Z
0.0000034943391107322697,2026-02-04T21:14:47Z,1.3581549247672586,2026-02-05T21:19:47Z,1.3581549378147222,1d,2026-02-05T21:24:46Z
0.12640361388067745,2026-02-05T21:24:47Z,1.3581549378147224,2026-02-06T21:24:47Z,1.3585979170720943,1d,2026-02-06T21:29:46Z
0.12788708482010747,2026-02-06T21:29:47Z,1.3585979170720943,2026-02-07T21:29:48Z,1.3590459464908915,1d,2026-02-07T21:34:46Z
0.0000021180033766832196,2026-02-07T21:34:47Z,1.3590459464908915,2026-02-08T21:34:48Z,1.359045954377177,1d,2026-02-08T21:39:46Z
0.12679113917107565,2026-02-08T21:39:47Z,1.359045954377177,2026-02-09T21:44:47Z,1.3594920492767877,1d,2026-02-09T21:49:49Z
6.784572903484332e-12,2026-02-09T21:49:50Z,1.359492049276788,2026-02-10T21:54:47Z,1.3594920492768132,1d,2026-02-10T21:59:46Z
0.1246767882648161,2026-02-10T21:59:47Z,1.3594920492768132,2026-02-11T21:59:48Z,1.3599297534552524,1d,2026-02-11T22:04:47Z
1.1632827745522434e-7,2026-02-11T22:04:48Z,1.3599297534552524,2026-02-12T22:04:49Z,1.3599297538886774,1d,2026-02-12T22:09:47Z
0.12168060986438434,2026-02-12T22:09:48Z,1.3599297538886774,2026-02-13T22:09:48Z,1.3603576517594196,1d,2026-02-13T22:14:46Z
4.295452882274731e-12,2026-02-13T22:14:47Z,1.3603576517594196,2026-02-14T22:14:48Z,1.3603576517594356,1d,2026-02-14T22:19:46Z
0.11785477440187053,2026-02-14T22:19:47Z,1.3603576517594362,2026-02-15T22:19:48Z,1.3607729512982074,1d,2026-02-15T22:24:46Z
3.4613491228796534e-7,2026-02-15T22:24:47Z,1.3607729512982074,2026-02-16T22:24:48Z,1.3607729525886632,1d,2026-02-16T22:29:46Z
0.1182407496539919,2026-02-16T22:29:47Z,1.3607729525886632,2026-02-17T22:29:47Z,1.3611896615376609,1d,2026-02-17T22:34:46Z
3.9799180395760914e-8,2026-02-17T22:34:47Z,1.3611896615376609,2026-02-18T22:34:48Z,1.361189661686085,1d,2026-02-18T22:39:58Z
0.12620033597439106,2026-02-18T22:39:59Z,1.361189661686085,2026-02-19T22:44:48Z,1.3616344404915288,1d,2026-02-19T22:49:47Z
2.503774965134653e-12,2026-02-19T22:49:48Z,1.3616344404915288,2026-02-20T22:54:47Z,1.3616344404915381,1d,2026-02-20T22:59:47Z
0.11835799735471664,2026-02-20T22:59:48Z,1.3616344404915388,2026-02-21T23:04:47Z,1.3620532490690376,1d,2026-02-21T23:09:47Z
4.619638005465276e-12,2026-02-21T23:09:48Z,1.3620532490690376,2026-02-22T23:09:48Z,1.3620532490690547,1d,2026-02-22T23:14:46Z
0.11305998589366295,2026-02-22T23:14:47Z,1.3620532490690547,2026-02-23T23:14:47Z,1.362453016118753,1d,2026-02-23T23:19:47Z
4.133360320679458e-12,2026-02-23T23:19:48Z,1.362453016118753,2026-02-24T23:19:48Z,1.3624530161187682,1d,2026-02-24T23:24:45Z
0.11637060512687025,2026-02-24T23:24:46Z,1.3624530161187682,2026-02-25T23:24:47Z,1.3628639945420318,1d,2026-02-25T23:29:46Z
0.000009003233011117828,2026-02-25T23:29:47Z,1.3628639945420318,2026-02-26T23:29:48Z,1.3628640281592073,1d,2026-02-26T23:34:46Z
0.12167606607882986,2026-02-26T23:34:47Z,1.3628640281592073,2026-02-27T23:34:48Z,1.3632928391242356,1d,2026-02-27T23:39:46Z
0.000016104821194851127,2026-02-27T23:39:47Z,1.3632928391242356,2026-02-28T23:39:47Z,1.3632928992760467,1d,2026-02-28T23:44:46Z
0.12353460894178259,2026-02-28T23:44:47Z,1.3632928992760467,2026-03-01T23:49:47Z,1.3637295368800753,1d,2026-03-01T23:54:46Z
0.000004145520888121368,2026-03-01T23:54:47Z,1.3637295368800757,2026-03-02T23:54:47Z,1.3637295523687267,1d,2026-03-02T23:59:48Z
0.1266783685899029,2026-03-02T23:59:49Z,1.3637295523687274,2026-03-04T00:04:47Z,1.3641767989311302,1d,2026-03-04T00:09:47Z
0.000038315489876206144,2026-03-04T00:09:48Z,1.3641767989311302,2026-03-05T00:09:48Z,1.3641769421314143,1d,2026-03-05T00:14:46Z
0.12684901237314028,2026-03-05T00:14:47Z,1.3641769421314143,2026-03-06T00:19:47Z,1.364624913918044,1d,2026-03-06T00:24:46Z
0.00004069287581986991,2026-03-06T00:24:47Z,1.364624913918044,2026-03-07T00:24:48Z,1.3646250660551074,1d,2026-03-07T00:29:46Z
0.1287044964234607,2026-03-07T00:29:47Z,1.3646250660551074,2026-03-08T00:29:47Z,1.3650777873129016,1d,2026-03-08T00:34:47Z
6.402656183013278e-12,2026-03-08T00:34:48Z,1.3650777873129016,2026-03-09T00:34:48Z,1.3650777873129256,1d,2026-03-09T00:39:47Z
0.12604196271480728,2026-03-09T00:39:48Z,1.3650777873129256,2026-03-10T00:44:47Z,1.3655233600916503,1d,2026-03-10T00:49:47Z
0.000004451576673503155,2026-03-10T00:49:48Z,1.3655233600916503,2026-03-11T00:54:47Z,1.3655233768033073,1d,2026-03-11T00:59:46Z
0.1272612753951743,2026-03-11T00:59:47Z,1.3655233768033073,2026-03-12T00:59:47Z,1.3659716077955129,1d,2026-03-12T01:04:47Z
0.0000052600575448646936,2026-03-12T01:04:48Z,1.3659716077955129,2026-03-13T01:09:47Z,1.3659716275487606,1d,2026-03-13T01:14:47Z
0.12599693306935267,2026-03-13T01:14:48Z,1.3659716275487606,2026-03-14T01:14:48Z,1.3664158044681585,1d,2026-03-14T01:19:47Z
0.000010371619030724588,2026-03-14T01:19:48Z,1.3664158044681591,2026-03-15T01:24:47Z,1.3664158434295692,1d,2026-03-15T01:29:46Z
0.12532233244332192,2026-03-15T01:29:47Z,1.3664158434295692,2026-03-16T01:29:48Z,1.3668579256670377,1d,2026-03-16T01:34:46Z
0.000039557879403906426,2026-03-16T01:34:47Z,1.3668579256670377,2026-03-17T01:39:47Z,1.3668580743154592,1d,2026-03-17T01:44:46Z
0.12351589666122287,2026-03-17T01:44:47Z,1.3668580743154592,2026-03-18T01:44:48Z,1.3672942813895541,1d,2026-03-18T01:49:46Z
1.6593436003020656e-7,2026-03-18T01:49:47Z,1.3672942813895541,2026-03-19T01:54:45Z,1.36729428201329,1d,2026-03-19T01:59:47Z
0.12719579700996553,2026-03-19T01:59:48Z,1.36729428201329,2026-03-20T02:04:47Z,1.367744429316606,1d,2026-03-20T02:09:46Z
5.1015391910880226e-9,2026-03-20T02:09:47Z,1.367744429316606,2026-03-21T02:09:47Z,1.3677444293357226,1d,2026-03-21T02:14:50Z
0.13108882028710855,2026-03-21T02:14:51Z,1.3677444293357226,2026-03-22T02:14:51Z,1.3682060955964626,1d,2026-03-22T02:19:46Z
3.241851231905457e-13,2026-03-22T02:19:47Z,1.3682060955964626,2026-03-23T02:19:47Z,1.3682060955964637,1d,2026-03-23T02:24:46Z
0.13023497468665535,2026-03-23T02:24:47Z,1.3682060955964637,2026-03-24T02:24:48Z,1.3686650912735692,1d,2026-03-24T02:29:46Z
0.12353827360517866,2026-03-24T02:29:47Z,1.3686650912735692,2026-03-25T02:29:48Z,1.3691019497308419,1d,2026-03-25T02:34:46Z
5.543368575278151e-7,2026-03-25T02:34:47Z,1.3691019497308419,2026-03-26T02:34:47Z,1.369101951810139,1d,2026-03-26T02:39:46Z
0.12418510309260866,2026-03-26T02:39:47Z,1.369101951810139,2026-03-27T02:39:47Z,1.3695411041763985,1d,2026-03-27T02:44:46Z
1.4859935504318855e-10,2026-03-27T02:44:47Z,1.3695411041763985,2026-03-28T02:45:10Z,1.3695411041769563,1d,2026-03-28T02:45:23Z
0.1221424318537625,2026-03-28T02:45:24Z,1.3695411041769563,2026-03-29T02:49:47Z,1.3699748878843292,1d,2026-03-29T02:54:47Z
0.000005892429696396917,2026-03-29T02:54:48Z,1.3699748878843292,2026-03-30T02:54:48Z,1.3699749100006497,1d,2026-03-30T02:59:47Z
0.12912328192284872,2026-03-30T02:59:48Z,1.3699749100006497,2026-03-31T02:59:48Z,1.3704307989157283,1d,2026-03-31T03:04:46Z
0.0000071206075944463265,2026-03-31T03:04:47Z,1.3704307989157283,2026-04-01T03:04:49Z,1.3704308256513205,1d,2026-04-01T03:09:46Z
0.13087613831864986,2026-04-01T03:09:47Z,1.3704308256513205,2026-04-02T03:09:48Z,1.3708926977265647,1d,2026-04-02T03:14:47Z
0.0000023713486581034005,2026-04-02T03:14:48Z,1.3708926977265647,2026-04-03T03:14:48Z,1.3708927066330325,1d,2026-04-03T03:19:46Z
0.14249287277473988,2026-04-03T03:19:47Z,1.3708927066330325,2026-04-04T03:19:47Z,1.3713931272315076,1d,2026-04-04T03:24:45Z
1.1900965768418814e-8,2026-04-04T03:24:46Z,1.3713931272315076,2026-04-05T03:24:48Z,1.3713931272762234,1d,2026-04-05T03:29:47Z
0.1366548976670996,2026-04-05T03:29:48Z,1.3713931272762234,2026-04-06T03:29:49Z,1.371874481039712,1d,2026-04-06T03:34:47Z
1.953215367223038e-10,2026-04-06T03:34:48Z,1.3718744810397123,2026-04-07T03:34:48Z,1.3718744810404464,1d,2026-04-07T03:39:47Z
0.12053655113931727,2026-04-07T03:39:48Z,1.3718744810404464,2026-04-08T03:44:47Z,1.372303781345475,1d,2026-04-08T03:49:47Z
7.69939667577546e-12,2026-04-08T03:49:48Z,1.372303781345475,2026-04-09T03:49:48Z,1.372303781345504,1d,2026-04-09T03:54:47Z
0.11462876063289662,2026-04-09T03:54:48Z,1.372303781345504,2026-04-10T03:54:48Z,1.3727118538603287,1d,2026-04-10T03:59:47Z
5.5921933750369135e-12,2026-04-10T03:59:48Z,1.3727118538603287,2026-04-11T03:59:48Z,1.3727118538603498,1d,2026-04-11T04:04:46Z
0.12508039781821445,2026-04-11T04:04:47Z,1.3727118538603498,2026-04-12T04:04:48Z,1.3731551641633968,1d,2026-04-12T04:09:47Z
2.0961324009860505e-8,2026-04-12T04:09:48Z,1.3731551641633968,2026-04-13T04:09:48Z,1.3731551642422548,1d,2026-04-13T04:14:45Z
0.12122676524963993,2026-04-13T04:14:46Z,1.3731551642422548,2026-04-14T04:19:47Z,1.3735872006240009,1d,2026-04-14T04:24:47Z
2.5934809855243657e-12,2026-04-14T04:24:48Z,1.3735872006240013,2026-04-15T04:24:48Z,1.373587200624011,1d,2026-04-15T04:29:45Z
0.1204107899650062,2026-04-15T04:29:46Z,1.373587200624011,2026-04-16T04:29:47Z,1.3740151367139222,1d,2026-04-16T04:34:47Z
0.00022687080361438738,2026-04-16T04:34:48Z,1.3740151367139222,2026-04-17T04:34:48Z,1.3740159906554563,1d,2026-04-17T04:39:47Z
0.12184161034558327,2026-04-17T04:39:48Z,1.3740159906554563,2026-04-18T04:39:49Z,1.374448866188356,1d,2026-04-18T04:44:47Z
2.7555735471196385e-12,2026-04-18T04:44:48Z,1.374448866188356,2026-04-19T04:44:49Z,1.3744488661883665,1d,2026-04-19T04:49:46Z
0.11927139280476662,2026-04-19T04:49:47Z,1.3744488661883665,2026-04-20T04:49:48Z,1.3748732381208562,1d,2026-04-20T04:54:47Z
0.00000838770914146636,2026-04-20T04:54:48Z,1.3748732381208562,2026-04-21T04:59:48Z,1.3748732698250485,1d,2026-04-21T05:04:46Z
0.11979904395523588,2026-04-21T05:04:47Z,1.3748732698250485,2026-04-22T05:04:47Z,1.3752995437602509,1d,2026-04-22T05:09:47Z
0.000007950345614293752,2026-04-22T05:09:48Z,1.3752995437602509,2026-04-23T05:09:48Z,1.375299573716589,1d,2026-04-23T05:14:46Z
0.12271113106984433,2026-04-23T05:14:47Z,1.3752995737165892,2026-04-24T05:19:47Z,1.375737283688836,1d,2026-04-24T05:24:46Z
4.694632460555681e-9,2026-04-24T05:24:47Z,1.375737283688836,2026-04-25T05:24:48Z,1.375737283706531,1d,2026-04-25T05:29:47Z
0.1239587661270587,2026-04-25T05:29:48Z,1.375737283706531,2026-04-26T05:29:48Z,1.3761778052408304,1d,2026-04-26T05:34:47Z
0.00007136998556434015,2026-04-26T05:34:48Z,1.3761778052408304,2026-04-27T05:34:48Z,1.3761780743210905,1d,2026-04-27T05:39:45Z
0.1327290884327832,2026-04-27T05:39:46Z,1.3761780743210905,2026-04-28T05:39:48Z,1.376648063676188,1d,2026-04-28T05:44:46Z
2.431388423929093e-12,2026-04-28T05:44:47Z,1.376648063676188,2026-04-29T05:44:48Z,1.376648063676197,1d,2026-04-29T05:49:47Z
0.12537766159225416,2026-04-29T05:49:48Z,1.376648063676197,2026-04-30T05:49:48Z,1.3770936367279576,1d,2026-04-30T05:54:46Z
0.0000015826329824442098,2026-04-30T05:54:47Z,1.3770936367279576,2026-05-01T05:54:48Z,1.3770936426990734,1d,2026-05-01T05:59:46Z
0.12671297068647047,2026-05-01T05:59:47Z,1.3770936426990734,2026-05-02T06:04:47Z,1.3775453988565514,1d,2026-05-02T06:09:46Z
0.0000035911981854930275,2026-05-02T06:09:47Z,1.3775453988565518,2026-05-03T06:09:48Z,1.3775454124102147,1d,2026-05-03T06:14:46Z
0.1208919566607114,2026-05-03T06:14:47Z,1.3775454124102147,2026-05-04T06:19:46Z,1.377977688693701,1d,2026-05-04T06:24:46Z
0.0000012520348653399793,2026-05-04T06:24:47Z,1.377977688693701,2026-05-05T06:24:48Z,1.3779776934205366,1d,2026-05-05T06:29:47Z
0.12058221163174299,2026-05-05T06:29:48Z,1.3779776934205366,2026-05-06T06:29:48Z,1.3784075701329097,1d,2026-05-06T06:34:46Z
0.0000037459269954798202,2026-05-06T06:34:47Z,1.3784075701329097,2026-05-07T06:39:47Z,1.3784075843283425,1d,2026-05-07T06:44:47Z
0.12486200670627223,2026-05-07T06:44:48Z,1.3784075843283425,2026-05-08T06:49:47Z,1.3788535337230134,1d,2026-05-08T06:54:44Z
2.297893275660101e-8,2026-05-08T06:54:45Z,1.3788535337230134,2026-05-09T06:59:45Z,1.378853533810122,1d,2026-05-09T07:04:47Z
0.12568685419256886,2026-05-09T07:04:48Z,1.378853533810122,2026-05-10T07:04:48Z,1.3793008587908493,1d,2026-05-10T07:09:47Z
9.65377403128187e-7,2026-05-10T07:09:48Z,1.3793008587908493,2026-05-11T07:09:48Z,1.3793008624389185,1d,2026-05-11T07:14:46Z
0.12193588589105597,2026-05-11T07:14:47Z,1.3793008624389185,2026-05-12T07:19:47Z,1.3797372257069511,1d,2026-05-12T07:24:47Z
2.8387270312180135e-9,2026-05-12T07:24:48Z,1.3797372257069511,2026-05-13T07:24:48Z,1.3797372257176816,1d,2026-05-13T07:29:47Z
0.11960597534798478,2026-05-13T07:29:48Z,1.3797372257176816,2026-05-14T07:29:48Z,1.3801643557036793,1d,2026-05-14T07:34:47Z
2.4497801698331045e-7,2026-05-14T07:34:48Z,1.3801643557036793,2026-05-15T07:39:47Z,1.3801643566332136,1d,2026-05-15T07:44:47Z
0.12104913496532577,2026-05-15T07:44:48Z,1.3801643590434107,2026-05-16T07:49:46Z,1.380597984352569,1d,2026-05-16T07:54:47Z
0.000004956682430501402,2026-05-16T07:54:48Z,1.380597984352569,2026-05-17T07:54:48Z,1.3805980031009768,1d,2026-05-17T07:59:47Z
0.12226339551062138,2026-05-17T07:59:48Z,1.3805980031009768,2026-05-18T08:04:47Z,1.3810358798672906,1d,2026-05-18T08:09:47Z
0.000007418243121337653,2026-05-18T08:09:48Z,1.3810358798672906,2026-05-19T08:09:48Z,1.381035907935296,1d,2026-05-19T08:14:47Z
0.1239131210968536,2026-05-19T08:14:48Z,1.381035907935296,2026-05-20T08:19:47Z,1.3814795024943165,1d,2026-05-20T08:24:46Z
2.3086577094488803e-9,2026-05-20T08:24:47Z,1.3814795024943165,2026-05-21T08:24:48Z,1.3814795025030546,1d,2026-05-21T08:29:47Z
0.12351772440979691,2026-05-21T08:29:48Z,1.3814795025030546,2026-05-22T08:34:48Z,1.3819219078456086,1d,2026-05-22T08:39:47Z
0.000023067938760057416,2026-05-22T08:39:48Z,1.3819219078577014,2026-05-23T08:39:48Z,1.3819219951939294,1d,2026-05-23T08:44:47Z
0.12523662780735667,2026-05-23T08:44:48Z,1.3819219951939294,2026-05-24T08:44:48Z,1.3823688005730779,1d,2026-05-24T08:49:47Z
0.000006947600907247775,2026-05-24T08:49:48Z,1.3823688005730788,2026-05-25T08:54:47Z,1.3823688269767773,1d,2026-05-25T08:59:46Z
0.12454003114075207,2026-05-25T08:59:47Z,1.3823688269767773,2026-05-26T09:04:46Z,1.3828149696103444,1d,2026-05-26T09:09:47Z
0.000014772894376235968,2026-05-26T09:09:48Z,1.3828149696103444,2026-05-27T09:09:48Z,1.3828150255775473,1d,2026-05-27T09:14:45Z
0.12391278328591238,2026-05-27T09:14:46Z,1.3828150255775473,2026-05-28T09:19:48Z,1.383259205825316,1d,2026-05-28T09:24:47Z
1.7830181775480014e-12,2026-05-28T09:24:48Z,1.3832592058253164,2026-05-29T09:24:48Z,1.383259205825323,1d,2026-05-29T09:29:47Z
0.12733597915969597,2026-05-29T09:29:48Z,1.383259205825323,2026-05-30T09:34:47Z,1.3837150822434325,1d,2026-05-30T09:39:47Z
0,2026-05-30T09:39:48Z,1.3837150822434325,2026-05-31T09:39:48Z,1.3837150822434325,1d,2026-05-31T09:44:47Z
0.12031137877459863,2026-05-31T09:44:48Z,1.3837150822434325,2026-06-01T09:44:48Z,1.3841458321623186,1d,2026-06-01T09:49:47Z
-4.0523140398818214e-14,2026-06-01T09:49:48Z,1.3841458321623186,2026-06-02T09:49:48Z,1.3841458321623183,1d,2026-06-02T09:54:45Z
0.12477461524231259,2026-06-02T09:54:46Z,1.3841458321623183,2026-06-03T09:54:47Z,1.3845918038593996,1d,2026-06-03T09:59:47Z
2.7146374370623505e-7,2026-06-03T09:59:48Z,1.3845918038593996,2026-06-04T09:59:48Z,1.3845918048891706,1d,2026-06-04T10:04:46Z
0.12586097138963503,2026-06-04T10:04:47Z,1.3845918048891706,2026-06-05T10:04:47Z,1.3850415783635457,1d,2026-06-05T10:09:47Z
0.000011234997034703653,2026-06-05T10:09:48Z,1.3850415783635457,2026-06-06T10:10:04Z,1.3850416210039087,1d,2026-06-06T10:14:47Z
0.12331600740579218,2026-06-06T10:14:48Z,1.3850416210039087,2026-06-07T10:14:48Z,1.3854829505045396,1d,2026-06-07T10:19:46Z
0.125556183850573,2026-06-07T10:19:47Z,1.3854829505045396,2026-06-08T10:19:48Z,1.3859319905936776,1d,2026-06-08T10:24:47Z
3.876898801991047e-12,2026-06-08T10:24:48Z,1.3859319905936776,2026-06-09T10:29:47Z,1.3859319905936924,1d,2026-06-09T10:34:47Z
0.12725722928439787,2026-06-09T10:34:48Z,1.3859319905936924,2026-06-10T10:34:48Z,1.3863869070492003,1d,2026-06-10T10:39:46Z
2.842135429226289e-7,2026-06-10T10:39:47Z,1.3863869070492003,2026-06-11T10:39:47Z,1.386386908128734,1d,2026-06-11T10:44:47Z
0.1250742678666803,2026-06-11T10:44:48Z,1.386386908128734,2026-06-12T10:44:48Z,1.386834608836401,1d,2026-06-12T10:49:46Z
3.2170948127685506e-9,2026-06-12T10:49:47Z,1.386834608836401,2026-06-13T10:49:48Z,1.3868346088486248,1d,2026-06-13T10:54:46Z
0.127752512113938,2026-06-13T10:54:47Z,1.3868346088486254,2026-06-14T10:54:48Z,1.3872914964557153,1d,2026-06-14T10:59:45Z
0.00000746512978366809,2026-06-14T10:59:46Z,1.3872914964557153,2026-06-15T10:59:48Z,1.3872915248297215,1d,2026-06-15T11:04:47Z
0.1273223917307602,2026-06-15T11:04:48Z,1.3872915248297215,2026-06-16T11:04:48Z,1.3877471073123981,1d,2026-06-16T11:09:47Z
4.3688322737267526e-8,2026-06-16T11:09:48Z,1.3877471073123981,2026-06-17T11:09:48Z,1.3877471074785033,1d,2026-06-17T11:14:47Z
0.1250382331665536,2026-06-17T11:14:48Z,1.3877471074785033,2026-06-18T11:19:47Z,1.3881966762984659,1d,2026-06-18T11:24:46Z
3.0797586703101842e-12,2026-06-18T11:24:47Z,1.3881966762984659,2026-06-19T11:24:48Z,1.3881966762984776,1d,2026-06-19T11:29:47Z
0.12517040070969454,2026-06-19T11:29:48Z,1.3881966762984776,2026-06-20T11:34:46Z,1.3886468340335865,1d,2026-06-20T11:39:47Z
1.9037902831975373e-7,2026-06-20T11:39:48Z,1.3886468340335865,2026-06-21T11:39:48Z,1.3886468347578858,1d,2026-06-21T11:44:47Z
0.129508009029085,2026-06-21T11:44:48Z,1.3886468347578858,2026-06-22T11:44:48Z,1.3891102336871672,1d,2026-06-22T11:49:46Z
-1.6153745008296028e-13,2026-06-22T11:49:47Z,1.3891102336871672,2026-06-23T11:54:46Z,1.3891102336871666,1d,2026-06-23T12:00:01Z